text,date,title,image,link
test, 10-10-2022,,,
"Vážení študenti, dovoľujeme si Vám pripomenúť, že podľa  Pokynu dekana č. 2/2008 (vydanie č. 3) , uznanie v minulosti absolvovaných predmetov sa  môže povoliť len pre obsahovo ekvivalentné predmety s hodnotením A, B a C.",3.8.2022,Uznávanie v minulosti absolvovaných predmetov,,https://www.fei.tuke.sk/sk/studium/aktuality
"Výsledkom spolupráce troch košických univerzít na športovom poli je projekt ""Univerzitný hokejový program v meste Košice,"" z ktorého vzíde tím University Spartacus. Ten bude od sezóny 2022/2023 pôsobiť v Európskej univerzitnej hokejovej lige (EUHL) s ambíciou rozvíjať univerzitný hokej v regióne.",26. augusta 2022,"Klub University Spartacus začne try-outom, podporili ho aj Nagy s Bicekom",,www.tuke.sk/wps/portal/tuke/university/news/university-spartacus
"Oznam pre uchádzačov o ubytovanie v ŠDaJ TUKE na ak. rok 2022/2023 - BUDÚCI PRVÁCI

student.tuke.sk/student/detailSpravy/46642895.mais",20.5.2022,,,
"Odstávka systému  MAIS

student.tuke.sk/student/detailSpravy/3244252.mais",30.8.2022,,,
"Oznamujeme novoprijatým študentom,  že  nové ISIC karty (študentské preukazy)  sú k dispozícii. Zároveň budú pripravené aj potvrdenia o štúdiu. Viac informácií ohľadom termínov odovzdávania nájdete TU.",31.8.2022,Preukazy študenta ISIC pre 1. roč. Bc.,,https://www.fei.tuke.sk/sk/studium/aktuality
Dňa 31. augusta 2022 si z rúk pani prezidentky Slovenskej republiky Zuzany Čaputovej prevzalo vymenúvacie dekréty v odboroch habilitačného konania a inauguračného konania (HKaIK) 22 nových vysokoškolských profesoriek a profesorov. Medzi novovymenovanými profesorkami a profesormi boli aj členovia akademickej obce Technickej univerzity v Košiciach.,31. augusta 2022,Novovymenovaní profesori z TUKE,,www.tuke.sk/wps/portal/tuke/university/news/novovymenovani-profesori-z-tuke-aug-2022
"Informácie k online zápisom  na štúdium v akademickom roku 2022/2023                (Information about online registration for studies in the academic year 2022/2023)

student.tuke.sk/student/detailSpravy/37919589.mais",18.5.2022,,,
"Zápis na výberové predmety Angličtina a Nemčina v ZS 2022/2023

student.tuke.sk/student/detailSpravy/48998884.mais",5.9.2022,,,
"Zápis na výberové predmety Angličtina, Nemčina a Slovenčina v ZS 2022/2023

student.tuke.sk/student/detailSpravy/48998884.mais",5.9.2022,,,
"Vyplnené a podpísané žiadosti s doloženými potrebnými potvrdeniami pošlite poštou na adresu: Fakulta elektrotechniky a informatiky, TU v Košiciach, Letná 9, 042 00 KOŠICE   na meno študijnej referentky podľa ročníkov alebo osobne na študijnom oddelení:     ŽIADAME ŠTUDENTOV PRE E-MAILOVÚ KOMUNIKÁCIU DODRŽIAVAŤ ADRESU PRÍSLUŠNEJ ŠTUDIJNEJ REFERENTKY PRE DANÝ ROČNÍK ŠTÚDIA!   1.      ročník Bc. štúdia – Mgr. Eva Harakaľová - eva.harakalova@tuke.sk 2.      ročník Bc. štúdia – Ing. Gabriela Verešpejová - gabriela.verespejova@tuke.sk 3.      ročník Bc. štúdia – Mgr. Katarína Tomčíková - katarina.tomcikova@tuke.sk 1.      ročník Ing. štúdia – Ľudmila Čokinová – ludmila.cokinova@tuke.sk   UPOZORNENIE: Spracované budú len úplné žiadosti, v prípade neúplnej žiadosti budete vyzvaní zo strany študijného oddelenia o doplnenie potvrdení potrebných k výpočtu sociálneho štipendia! SOCIÁLNE ŠTIPENDIUM VÁM BUDE PRIZNANÉ OD DÁTUMU KOMPLETNÉHO DOLOŽENIA DOKLADOV!   ŽIADOSŤ o sociálne štipendium tlačivo pre študentov FEI TUKE    Informácie o možnosti podania žiadosti o sociálne štipendium:  Sociálne štipendiá | Ministerstvo školstva, vedy, výskumu a športu Slovenskej republiky (minedu.sk)",6.9.2022,Sociálne štipendiá v ak.r. 2022/2023,,https://www.fei.tuke.sk/sk/studium/aktuality
"Dlhoročná a jedinečná anketa Zlaté krídla prináša monžnosť vyjadriť naše poďakovanie všetkým pilotom, vedcom a pedagogickým pracovníkom, konštruktérom ale aj inštitúciám slovenského letectva.",07. septembra 2022,Zlaté krídla 2022,,www.tuke.sk/wps/portal/tuke/university/news/zlate-kridla-2022
V spolupráci s IT firmami a vedecko-výskumnými inštitúciami pripravujeme cyklus odborných seminárov na tému aktuálnych trendov v informatike a kyberbezpečnosti. Cieľom týchto... ,13.09.2022 ,Aktuálne trendy v informatike a kyberbezpečnosti,https://kpi.fei.tuke.sk/sites/www2.kpi.fei.tuke.sk/files/presentation_images/header-atik-new.png,https://kpi.fei.tuke.sk/sk/aktualne-trendy-v-informatike-a-kyberbezpecnosti
Dňa 16.09.2022 bude študijné oddelenie z prevádzkových príčin zatvorené. Dakujeme za pochopenie!,14.9.2022,Stránkové hodiny na študijnom oddelení FEI zrušené,,https://www.fei.tuke.sk/sk/studium/aktuality
Príďte spolu s nami na finále projektu Lab IT Kreativity v pondelok 19. septembra o 13hod. do Auly Volkswagen.,15.09.2022 ,Lab IT Kreativity - Finále,,https://kpi.fei.tuke.sk/sk/lab-it-kreativity-finale
"Milí študenti, pripravili sme pre Vás krátky súhrn k organizácii štátnych záverečných skúšok. Prosím, pozorne si prečítajte všetky informácie.
",16.09.2022 ,Štátne záverečné skúšky - September 2022,https://kpi.fei.tuke.sk/sites/www2.kpi.fei.tuke.sk/files/presentation_images/header-september-2022.png,https://kpi.fei.tuke.sk/sk/statne-zaverecne-skusky-september-2022
"PREUKAZ ŠTUDENTA 

student.tuke.sk/student/detailSpravy/51914135.mais",16.9.2022,,,
"Prihlasovanie na športy v rámci Telesnej výchovy ZS 2022/2023 (Okrem fakúlt FEI a FVT)

student.tuke.sk/student/detailSpravy/18955897.mais",19.9.2022,,,
"Odstávka systému  MAIS

student.tuke.sk/student/detailSpravy/3244252.mais",19.9.2022,,,
V spolupráci s IT firmami a vedecko-výskumnými inštitúciami pripravujeme cyklus odborných seminárov na tému aktuálnych trendov v informatike a kyberbezpečnosti. Cieľom týchto... ,20.09.2022 ,Aktuálne trendy v informatike a kyberbezpečnosti,https://kpi.fei.tuke.sk/sites/www2.kpi.fei.tuke.sk/files/presentation_images/header-atik-new.png,https://kpi.fei.tuke.sk/sk/aktualne-trendy-v-informatike-a-kyberbezpecnosti
Utorok 13:30-15:00  Repetitórium z matematiky 15:10-16:40  Úvod do inžinierstva Prihlásenie:   https://tuke.webex.com/tuke/onstage/g.php?MTID=e89277e1015ecbbd527665b3319a9cfd1 Event password: prvaci   Streda 07:30-09:00  Matematika I 9:10-11:25  Základy algoritmizácie a programovania 12:30-14:00  Základy elektrotechnického inžinierstva 14:15 – 15:45  Základy inžinierstva materiálov Prihlásenie:   https://tuke.webex.com/tuke/onstage/g.php?MTID=ed9a078997157a9c271e2b1b0851cd445 Event password: prvaci,21.9.2022,Prednášky pre študentov 1. ročníka Bc. štúdia na FEI TUKE,,https://www.fei.tuke.sk/sk/studium/aktuality
"V priebehu leta sa dva tímy pozostávajúce zo študentov našej katedry J. Vereb, V. Krigovský a M. Kurej  pod vedením prof. P. Drotára a doktoranda D. Hreška zúčastnili na súťažiach... ",22.09.2022 ,Úspešná účasť študentov KPI na MICCAI challenge,https://kpi.fei.tuke.sk/sites/www2.kpi.fei.tuke.sk/files/presentation_images/header-kpihack-2022.png,https://kpi.fei.tuke.sk/sk/uspesna-ucast-studentov-kpi-na-miccai-challenge
"V priebehu leta sa dva tímy pozostávajúce zo študentov našej katedry J. Vereb, V. Krigovský a M. Kurej  pod vedením prof. P. Drotára a doktoranda Ing. D. Hreška zúčastnili na... ",22.09.2022 ,Úspešná účasť študentov KPI na MICCAI challenge,https://kpi.fei.tuke.sk/sites/www2.kpi.fei.tuke.sk/files/presentation_images/header-kpihack-2022.png,https://kpi.fei.tuke.sk/sk/uspesna-ucast-studentov-kpi-na-miccai-challenge
"Milí študenti!

Venujte, prosím, pozornosť informáciám uvedeným na ",25.09.2022 ,Výučba ZS 2022/2023,https://kpi.fei.tuke.sk/sites/www2.kpi.fei.tuke.sk/files/presentation_images/header-aktuality-zs22.png,https://kpi.fei.tuke.sk/sk/vyucba-zs-20222023
Utorok 13:30-15:00  Repetitórium z matematiky 15:10-16:40  Úvod do inžinierstva Prihlásenie:   https://tuke.webex.com/tuke/onstage/g.php?MTID=e89277e1015ecbbd527665b3319a9cfd1 Event password: prvaci   Streda 07:30-09:00  Matematika I 9:10-11:25  Základy algoritmizácie a programovania  Prihlásenie uvedené:   https://kurzy.kpi.fei.tuke.sk/zap/ 12:30-14:00  Základy elektrotechnického inžinierstva 14:15 – 15:45  Základy inžinierstva materiálov Prihlásenie:   https://tuke.webex.com/tuke/onstage/g.php?MTID=ed9a078997157a9c271e2b1b0851cd445 Event password: prvaci,21.9.2022,Prednášky pre študentov 1. ročníka Bc. štúdia na FEI TUKE,,https://www.fei.tuke.sk/sk/studium/aktuality
V spolupráci s IT firmami a vedecko-výskumnými inštitúciami pripravujeme cyklus odborných seminárov na tému aktuálnych trendov v informatike a kyberbezpečnosti. Cieľom týchto... ,26.09.2022 ,Aktuálne trendy v informatike a kyberbezpečnosti,https://kpi.fei.tuke.sk/sites/www2.kpi.fei.tuke.sk/files/presentation_images/header-atik-new.png,https://kpi.fei.tuke.sk/sk/aktualne-trendy-v-informatike-a-kyberbezpecnosti
Dekan FEI TUKE udeľuje dňa  31.10.2022 (pondelok)  dekanské voľno pre študentov FEI všetkých stupňov štúdia.,26.9.2022,Dekanské voľno,,https://www.fei.tuke.sk/sk/studium/aktuality
Výsledok výberového konania,26. septembra 2022,Ukončené výberové konanie –  odborní asistenti na LF,,www.tuke.sk/wps/portal/tuke/university/news/vk-lf-20220628
"Svetovo uznávaní vedci, inžinier prof. YangQuan Chen a neurovedec prof. Michel Salzet si 20. 9. 2022 na slávnostnom podujatí v Primaciálnom paláci v Bratislave prevzali z rúk predsedu SAV prof. Pavla Šajgalíka Medzinárodnú cenu Slovenskej akadémie vied. Ocenenie udeľuje Vedecká rada SAV raz do roka, pri príležitosti Dňa ústavy SR a je osobitným prejavom uznania za vynikajúce vedecké dielo, ktoré má vzťah k Slovensku.",26. septembra 2022,SAV ocenila špičkových vedcov zo zahraničia Medzinárodnou cenou,,www.tuke.sk/wps/portal/tuke/university/news/2022-sav-ocenila-spickovych-vedcov-zo-zahranicia-medzinarodnou-cenou
Výzva + Žiadosť o udelenie grantu,27. septembra 2022,Výzva na predkladanie žiadosti o udelenie výskumného grantu pre mladých vedeckých pracovníkov na TUKE na rok 2023,,www.tuke.sk/wps/portal/tuke/university/news/vyzva-granty-2023
"Registrácia tímov pre Živé IT projekty - Tímové projekty pre 1. ročník inžinierskeho štúdia.
",29.09.2022 ,Tímy Živých IT projektov,https://kpi.fei.tuke.sk/sites/www2.kpi.fei.tuke.sk/files/header-tp.png,https://kpi.fei.tuke.sk/sk/timy-zivych-it-projektov
"Prosíme o vyplnenie priloženej prílohy "" Imatrikulačný sľub_2022 "" o ďalšom postupe budete informovaní na prednáške  Úvod do inžinierstva , ktoré Vám prednesie  Ing. Jakub Palša.",3.10.2022,Imatrikulačný sľub novoprijatých bakalárov,,https://www.fei.tuke.sk/sk/studium/aktuality
Utorok 13:30-15:00  Repetitórium z matematiky 15:10-16:40  Úvod do inžinierstva Prihlásenie:   https://events-tuke.webex.com/events-tuke-en/j.php?MTID=m946ca6c0ccb434465882590df21b62a4 Event password: prvaci   Streda 07:30-09:00  Matematika I 9:10-11:25  Základy algoritmizácie a programovania  Prihlásenie uvedené:   https://kurzy.kpi.fei.tuke.sk/zap/ 12:30-14:00  Základy elektrotechnického inžinierstva 14:15 – 15:45  Základy inžinierstva materiálov Prihlásenie:   https://events-tuke.webex.com/events-tuke-en/j.php?MTID=m0eb4eb2d669b25f520892dcc15d7f244 Event password: prvaci,3.10.2022,Prednášky pre študentov 1. ročníka Bc. štúdia na FEI TUKE,,https://www.fei.tuke.sk/sk/studium/aktuality
,04. októbra 2022,Pracovna ponuka-DHL,,www.tuke.sk/wps/portal/tuke/university/newshttps://icube.tuke.sk/wps/poc/!ut/p/wcm/oid%3a538da11c-fdfc-41ab-80e1-4dee4134d32a
,04. októbra 2022,Pracovna ponuka-DHL,,www.tuke.sk/wps/portal/tuke/university/newshttps://icube.tuke.sk/wps/poc/!ut/p/wcm/oid%3a538da11c-fdfc-41ab-80e1-4dee4134d32a
,04. októbra 2022,Pracovna ponuka-DHL,,www.tuke.sk/wps/portal/tuke/university/newshttps://icube.tuke.sk/wps/poc/!ut/p/wcm/oid%3a538da11c-fdfc-41ab-80e1-4dee4134d32a
"Dávame do pozornosti, že EK otvára výzvu na predkladanie žiadostí na podporu vysídlených výskumných pracovníkov z Ukrajiny: MSCA4Ukraine.",05. októbra 2022,Program MSCA – Výzva na predkladanie žiadostí na podporu výskumníkov z Ukrajiny: MSCA4Ukraine,,www.tuke.sk/wps/portal/tuke/university/news/msca4ukraine
"Informácie k poplatkom počas štúdia. (Information on Tuition Fee)

student.tuke.sk/student/detailSpravy/37917293.mais",28.8.2020,,,
"Webinár bude zameraný na to, aké informácie je potrebné uviesť v jednotlivých kapitolách projektového návrhu, ako majú byť vzájomne logicky prepojené a ako ich formulovať tak, aby ich externí hodnotitelia vysoko ohodnotili.",06. októbra 2022,Pozvánka na webinár: Ako napísať úspešný projektový návrh do programu Horizont Európa,,www.tuke.sk/wps/portal/tuke/university/news/webinar-projektovy-navrh-horizont-europa
"Bude sa konať 4. – 5.11., 24 hodín, v Univerzitnom vedeckom parku Technicom (Boženy Němcovej 5, Košice).",10. októbra 2022,Hackathon 2022,,www.tuke.sk/wps/portal/tuke/university/news/hackathon-2022
"Dobrý deň prajeme, míle študentky a študenti, radi by sme Vás informovali...",11. októbra 2022,Akceleračný program startupov,,www.tuke.sk/wps/portal/tuke/university/newshttps://icube.tuke.sk/wps/poc/!ut/p/wcm/oid%3a1ece8e3e-8ae7-495e-a22a-931be56c4501
V spolupráci s IT firmami a vedecko-výskumnými inštitúciami pripravujeme cyklus odborných seminárov na tému aktuálnych trendov v informatike a kyberbezpečnosti. Cieľom týchto... ,11.10.2022 ,Aktuálne trendy v informatike a kyberbezpečnosti,https://kpi.fei.tuke.sk/sites/www2.kpi.fei.tuke.sk/files/presentation_images/header-atik-new.png,https://kpi.fei.tuke.sk/sk/aktualne-trendy-v-informatike-a-kyberbezpecnosti
"Erste Digital a Technická Univerzita Košice, pozývajú Teba na Hackathon! Bude sa konať 4.-5.11., 24 hodín, v Univerzitnom vedeckom parku TUKE - Technicom (Boženy Němcovej 5, Košice). Témy sú Smart University a Smart Bank. REGISTRÁCIA POSTER",13.10.2022,ERSTE Digital Hackathon,,https://www.fei.tuke.sk/sk/studium/aktuality
New Opportunities in the UK,13. októbra 2022,ESPA,,www.tuke.sk/wps/portal/tuke/university/newshttps://icube.tuke.sk/wps/poc/!ut/p/wcm/oid%3a7661c8ee-7032-4cb2-860f-d18f8972017a
"Erste Digital a Technická Univerzita Košice, pozývajú Teba na Hackathon!

Bude sa konať 4.–5.11., 24 hodín, v Univerzitnom vedeckom parku TUKE — Technicom (Boženy Němcovej 5,... ",13.10.2022 ,Erste Digital a Technická Univerzita Košice pozývajú na Hackathon,,https://kpi.fei.tuke.sk/sk/erste-digital-a-technicka-univerzita-kosice-pozyvaju-na-hackathon
"Seeds for the Future  ponúka jedinečnú možnosť nahliadnuť za oponu fungovania veľkého technologického koncernu a získať tak vedomosti, ktoré sú odbornej verejnosti všeobecne nedostupné. Projekt prebieha prostredníctvom online lekcií s odborníkmi z Huawei, okrúhlych stolov a virtuálnych prehliadok. Do projektu sa môžu prihlásiť študenti bakalárskeho štúdia alebo študenti s dosiahnutým bakalárskym titulom . Pre ďalšie informácie klikni TU.",17.10.2022,Huawei Seeds for the Future,https://www.fei.tuke.sk/uploads/49/40/4940d36e31774ba86f0043c8b6836a56/HUAWEI.jpg,https://www.fei.tuke.sk/sk/studium/aktuality
Najnovšie vydanie univerzitného časopisu.,17. októbra 2022,Haló TU,,www.tuke.sk/wps/portal/tuke/university/news/halo-tu
,21. októbra 2022,ESPA nové ponuky,,www.tuke.sk/wps/portal/tuke/university/newshttps://icube.tuke.sk/wps/poc/!ut/p/wcm/oid%3ad217bb65-e31f-4058-8b7a-25080696a58d
"Odstávka systému  MAIS

student.tuke.sk/student/detailSpravy/3244252.mais",24.10.2022,,,
Uzávierka výberového konania je: 16.11.2022,26. októbra 2022,Výberové konanie – odborný asistent a lektori na LF,,www.tuke.sk/wps/portal/tuke/university/news/vk-lf-20221025
"Cieľom podujatia bude predstaviť návrhy nových pracovných programov Horizontu Európa na roky 2023 – 2024 spolu s témami výziev, misiami či partnerstvami odbornej verejnosti, vedeckým a výskumným pracovníkom, inovátorom, kľúčovým stakeholderom, aktérom zo sféry priemyslu a ďalším aktérom zo súkromného sektora, ako aj všetkým tým, ktorí sa zaujímajú o dianie v prostredí európskeho výskumu, vývoja a inovácií.",26. októbra 2022,Pozvánka na národný infodeň k návrhom pracovných programov Horizontu Európa na roky 2023 – 2024,,www.tuke.sk/wps/portal/tuke/university/news/infoden-he-23-24
Oddelenie spoločenských vied ÚJSŠ TUKE ponúka pre učiteľov TUKE kurz Vysokoškolská pedagogika,26. októbra 2022,Oddelenie spoločenských vied ÚJSŠ TUKE ponúka pre učiteľov TUKE kurz Vysokoškolská pedagogika,,www.tuke.sk/wps/portal/tuke/university/news/osv-ponuka-vp
,27. októbra 2022,ESPA internship,,www.tuke.sk/wps/portal/tuke/university/newshttps://icube.tuke.sk/wps/poc/!ut/p/wcm/oid%3aef941c31-7619-42a2-a88e-e0608075393c
"Imatrikulácia novoprijatých bakalárov na FEI TUKE - 7.11.2022 Vedenie FEI TUKE  spolu so  študentskou časťou Akademického senátu FEI  organizujú dňa  7.11.2022  (pondelok)  Slávnostnú imatrikuláciu 2022   pre študentov 1. ročníka bakalárskeho štúdia. Podpisom imatrikulačného sľubu a slávnostnou imatrikuláciou potvrdzujú študenti vstup do Akademickej obce FEI TUKE. Slávnostná imatrikulácia  začína  o 11:00 hod. v Aule Maxima  v areáli TUKE na Letnej 9.   Vedúci študijných programov sa dostavia na nácvik o 10:00 hod. do Auly Maxima. Ostatní študenti 1. ročníka sa dostavia do Auly Maxima najneskôr o 10:45 hod.  Účasť študentov 1. ročníka na slávnostnej imatrikulácii je povinná, v čase 10:50 – 12:30 im bude prerušená výučba.    ",3.11.2022,,,https://www.fei.tuke.sk/sk/studium/aktuality
,03. novembra 2022,Internship (Computer Science and Business),,www.tuke.sk/wps/portal/tuke/university/newshttps://icube.tuke.sk/wps/poc/!ut/p/wcm/oid%3a3e59d2db-8162-487e-8941-bfb5982b22bc
Uzávierka žiadostí: 25.11.2022,04. novembra 2022,"Výberové konanie – vedúci vedecko-pedagogických pracovísk FEI, tajomník FEI",,www.tuke.sk/wps/portal/tuke/university/news/vk-veduci-a-tajomnik-november-2022
,4.11.2022,PRIZNANÉ MOTIVAČNÉ ŠTIPENDIÁ NA ROK 2022,,https://www.fei.tuke.sk/sk/studium/aktuality
"Splň do 1.12. programovaciu súťaž a získaj finančnú odmenu. Stačí ti vedieť jeden z troch programovacích jazykov, Java, JavaScript alebo Python, a vypracovať výzvu najlepšie zo všetkých. Viťaza či víťazku vyhlási firma IBM 15. decembra 2022. Pre ďalšie informácie klikni TU.",7.11.2022,Programovacia IT Challenge od IBM,https://www.fei.tuke.sk/uploads/84/e1/84e136ff70d38e67a7212b404c750fed/Artboard-1.png,https://www.fei.tuke.sk/sk/studium/aktuality
Prihlášky do výberového konania spolu s požadovanými dokladmi je potrebné doručiť poštou alebo osobne najneskôr do 3 týždňov od zverejnenia v zmysle zákona č. 552/2003 Z. z. o výkone prác vo verejnom záujme.,07. novembra 2022,Výberové konanie – profesor na SvF,,www.tuke.sk/wps/portal/tuke/university/news/vk-svf-20221107
Uzávierka výberového konania je: 29.11.2022,08. novembra 2022,Výberové konanie – profesor na SvF (IUCS),,www.tuke.sk/wps/portal/tuke/university/news/vk-svf-20221108
"Oznam pre zahraničných študentov 1. ročníka  bakalárskeho štúdia Vážení študenti, dovoľujeme si Vám pripomenúť, že podmienkou udelenia zápočtu z predmetu "" FEI – Jazyk 1 "" pre zahraničných študentov študujúcich v slovenčine je  povinnosť dosiahnutia znalostí zo Slovenského jazyka minimálne na úrovni A2.   Preverenie požadovaných znalostí bude realizované  v januári 2023 na Oddelení jazykov ÚJSŠ TUKE. Úspešné absolvovanie predmetu "" FEI – Jazyk 1 "" je  podmienkou postupu do letného semestra!",8.11.2022,,,https://www.fei.tuke.sk/sk/studium/aktuality
"Ministerstvo školstva, vedy výskumu a športu SR vyhlásilo „Týždeň vedy a techniky na Slovensku 2022“. Na Technickej univerzite v Košiciach sa v rámci tohto týždňa uskutočnila súťaž o najlepšiu doktorandskú prácu, kde denní doktorandi z jednotlivých fakúlt TUKE odprezentovali svoje práce pred Komisiou pre vedu a výskum TUKE.",09. novembra 2022,Výsledky súťaže o najlepšiu doktorandskú prácu na TUKE 2022,,www.tuke.sk/wps/portal/tuke/university/news/vysledky-sutaze-o-najlepsiu-doktorandsku-pracu-2022
"Technická univerzita v Košiciach (ďalej len „TUKE“) v zmysle § 10 ods. 5 zákona č. 131/2002 Z.z. o vysokých školách a o zmene a doplnení niektorých zákonov v znení neskorších predpisov (ďalej len „Zákon o vysokých školách“), Štatútu TUKE a Zásad voľby kandidáta na rektora a prijatia návrhu na odvolanie rektora TUKE v Košiciach vyhlasuje voľbu kandidáta na rektora TUKE v Košiciach na funkčné obdobie 16. 08. 2023 – 15. 08. 2027.",09. novembra 2022,Vyhlásenie voľby kandidáta na rektora Technickej univerzity v Košiciach,,www.tuke.sk/wps/portal/tuke/university/news/vyhlasenie-volby-kandidata-na-rektora-tuke-2023
Prihlášky je možné odovzdávať fakultným koordinátorom do 11.11.2021.,09. novembra 2022,Dodatočná výzva na študentskú mobilitu v letnom semestri 22/23,,www.tuke.sk/wps/portal/tuke/university/newshttps://icube.tuke.sk/wps/poc/!ut/p/wcm/oid%3aadbe9d80-a4be-4fda-881b-a083c1992e1b
ESPA New Opportunities,10. novembra 2022,ESPA New Opportunities,,www.tuke.sk/wps/portal/tuke/university/newshttps://icube.tuke.sk/wps/poc/!ut/p/wcm/oid%3a51125f26-3f84-4b12-86ed-bd35b7fe9fa3
Komunita Európskych univerzít spúšťa ďalší ročník Európskeho študentského zhromaždenia - European Student Assembly [#ESA23].,11. novembra 2022,European Student Assembly 2023,,www.tuke.sk/wps/portal/tuke/university/news/esa-2023
"Milí študenti, Komunita Európskych univerzít   spúšťa ďalší ročník Európskeho študentského zhromaždenia - European Student Assembly [#ESA23]. Európske študentské zhromaždenie je iniciatívou, ktorá už druhý rok ponúka študentov  aliancií Európskych univerzít  (EUA) priestor pre diskusiu o aktuálnych výzvach týkajúcich sa budúcnosti Európy. Zhromaždenie pripravuje odporúčania pre orgány Európskej komisie a je koordinované tímom študentov a kolegov z vysokých škôl zapojených do EUA iniciatívy. TUKE je súčasťou aliancie  Ulysseus  a  tento rok bolo na zhromaždení reprezentované dvojicou študentov. Vybraní študenti pre nový ročník budú od marca do mája 2023 pracovať online spoločne na definovaných témach a pripravia odporúčanie (stanovisko), ktoré budú prezentovať na 3 dňovom  medzinárodnom zhromaždení v Štrasburgu  (31.5.-2.6.2023). Študenti TUKE majú možnosť prihlásiť sa a zapojiť sa do tejto iniciatívy. Je to pre vás príležitosť prezentovať svoje názory a postoje a prispieť tak k formovaniu budúcnosti Európskej únie. Náklady na ubytovanie počas podujatia v Štrasburgu hradí ESA a náklady na cestovné z európskych krajín hradí projekt Ulysseus.  Termín na podanie prihlášky je 4. December 2022 23:59 CET:   https://www.euc-initiative.com/european-student-assembly/esa23-how-to-apply/ Ďalšie informácie o iniciatíve a o postupe prihlásenia nájdete v príručke :  #ESA23 handbook",15.11.2022,European Student Assembly [#ESA23].,,https://www.fei.tuke.sk/sk/studium/aktuality
Uzávierka prihlášok: 02. decembra 2022,15. novembra 2022,Výberové konanie - odborní  asistenti na ÚMET FMMR,,www.tuke.sk/wps/portal/tuke/university/news/vk-fmmr-oa-umet-nov-2022
Uzávierka prihlášok: 02.12.2022,15. novembra 2022,Výberové konanie - docent na OISR ÚMIK FMMR,,www.tuke.sk/wps/portal/tuke/university/news/vk-fmmr-doc-umik-isr-nov-2022
,16. novembra 2022,Ukončené výberové konanie – odborní asistenti na FEI,,www.tuke.sk/wps/portal/tuke/university/news/vk-fei-20221010
Getting things done workshop,16. novembra 2022,Getting things done ( UVP Technicom workshop),,www.tuke.sk/wps/portal/tuke/university/newshttps://icube.tuke.sk/wps/poc/!ut/p/wcm/oid%3a32eca0a8-4144-47bc-a7e5-d44145cf97f5
21. - 25.11.2022,16. novembra 2022,Týždeň športu na TUKE,,www.tuke.sk/wps/portal/tuke/university/news/tyzden-sportu-na-tuke
"Srdečne Vás pozývame na seminár o spracovaní neutrínových dát v stredu 23.11 o 11hod v ÚEF SAV.
",20.11.2022 ,Seminár o spracovaní neutrínových dát,,https://kpi.fei.tuke.sk/sk/seminar-o-spracovani-neutrinovych-dat
EuroEducation,21. novembra 2022,International Master's Degree Programmes in Europe,,www.tuke.sk/wps/portal/tuke/university/newshttps://icube.tuke.sk/wps/poc/!ut/p/wcm/oid%3a8eb03e1c-aeb2-4cab-8e14-8bb027cb5655
"Spoločnosť L'Oréal Slovensko, spolu s partnermi Slovenskou organizáciou pre výskumné a vývojové aktivity, Slovenskou akadémiou vied a Slovenskou komisiou pre UNESCO, spustili prihlasovanie do 7. ročníka programu L'Oréal – UNESCO Pre ženy vo vede. Záujemkyne môžu svoje vedecké práce prihlásiť na webe www.prezenyvovede.sk do 31.12.2022.",22. novembra 2022,7. ročník projektu L'Oréal – UNESCO Pre ženy vo vede,,www.tuke.sk/wps/portal/tuke/university/news/7-rocnik-projektu-loreal-unesco-pre-zeny-vo-vede-prihlasovanie
"O.z. MyMamy v Prešove srdečne pozýva všetky študentky a študentov ako aj zamestnankyne a zamestnancov TUKE na ich podujatia v rámci tohtoročnej kampane 16 dní aktivizmu proti násiliu páchanému na ženách, ktoré sa budú konať v Prešove od 25. do 10. decembra 2022.",23. novembra 2022,16 DNÍ AKTIVIZMU proti násiliu páchanému na ženách,,www.tuke.sk/wps/portal/tuke/university/news/16-dni-aktivizmu-proti-nasiliu-pachanemu-na-zenach-nov-dec-2022
Už 13 rokov hľadá prestížna súťaž IT SPY najlepšiu diplomovú prácu z odboru informatika. Cieľom súťaže českých a slovenských vysokých škôl je podporiť talentovaných študentov v... ,24.11.2022 ,Finále súťaže diplomových prác IT SPY 2022,,https://kpi.fei.tuke.sk/sk/finale-sutaze-diplomovych-prac-it-spy-2022
3–4. decembra sa uskutočni už tradičný Hackathon organizovaný Deutsche Telekom IT Solutions a Technickou univerzitou v Košiciach. Počas 24 hodín budú tímy študentov vyvíjať... ,24.11.2022 ,Hackathon 2022,,https://kpi.fei.tuke.sk/sk/hackathon-2022
"Srdečne Vás pozývame na semináre našich partnerských spoločností, kde dostanete príležitosť zapojiť sa do lukratívneho štipendijného programu a hrať o voucher na zľavomate.
",29.11.2022 ,Prednášky partnerských spoločností,,https://kpi.fei.tuke.sk/sk/prednasky-partnerskych-spolocnosti
,01. decembra 2022,"ESPRA(Business, Engineering)",,www.tuke.sk/wps/portal/tuke/university/newshttps://icube.tuke.sk/wps/poc/!ut/p/wcm/oid%3a71936979-3e60-4925-8f0c-71b15546aa60
Uzávierka výberového konania je: 27.12.2022,02. decembra 2022,Výberové konanie – výskumný pracovník na LF,,www.tuke.sk/wps/portal/tuke/university/news/vk-lf-20221202
"Srdečne Vás pozývame 8. decembra na prvý seminár organizovaný Technickou univerzitou v Košiciach, s cieľom predstaviť Vám Plán rovnosti príležitostí mužov a žien na TUKE",06. decembra 2022,Seminár o rodovej rovnosti,,www.tuke.sk/wps/portal/tuke/university/news/seminar-o-rodovej-rovnosti
Zverejnenie údajov po výberovom konaní,07. decembra 2022,Ukončené výberové konanie – odborný asistent a lektori na LF,,www.tuke.sk/wps/portal/tuke/university/news/vk-lf-20221025
"V dňoch 14. až 16. novembra 2022 sa v nemeckom Münsteri konalo prvé spoločné stretnutie partnerských univerzít aliancie Ulysseus s Univerzitou v Münsteri. Univerzita v Münsteri je jednou z dvoch univerzít, ktoré rozšíria alianciu Ulysseus.",08. decembra 2022,Spoločné stretnutie aliancie Ulysseus s Univerzitou v Münsteri,,www.tuke.sk/wps/portal/tuke/university/news/spolocne-stretnutie-aliancie-ulysseus-s-univerzitou-v-munsteri
"Zimná škola sa uskutoční online v termíne 8. - 10. februára 2023 a je určená pre študentov na prvom, druhom alebo treťom stupni vysokoškolského štúdia.   Študenti budú mať možnosť zúčastniť sa na prednáškach renomovaných expertov spoločnosti  Infineon  a  profesorov z celého sveta.  Takisto sa jedná o skvelú príležitosť pre nadväzovanie kontaktov s odborníkmi a rovesníkmi z iných európskych škôl, ako aj pre získanie cenných skúseností a pracovných príležitostí.  Prihlasovanie je možné do 6. januára 2023 a účasť je bezplatná.  Pre ďalšie informácie klikni TU.",8.12.2022,WinterSchool 2023 by Infineon Technologies Austria AG,https://www.fei.tuke.sk/uploads/84/be/84be211ceefc1be161933d43c125f188/Infineon-Logo.svg.png,https://www.fei.tuke.sk/sk/studium/aktuality
"Pán rektor Dr. h. c. prof. h. c. prof. Ing. Stanislav Kmeť, DrSc., za prítomnosti pána prorektora pre vedu, výskum a doktorandské štúdium prof. Ing. Iva Petráša, DrSc., pani prodekanky a pánov prodekanov fakúlt TUKE prijal v priestoroch Rektorátu TUKE ocenených z Technickej univerzity v Košiciach a odovzdal výhercom diplomy v súťažiach v rámci Týždňa vedy a techniky na Slovensku 2022 a ďakovné listy za ocenenia výsledkov vedecko­‑výskumnej činnosti.",08. decembra 2022,Odovzdanie diplomov a ďakovných listov,,www.tuke.sk/wps/portal/tuke/university/news/odovzdanie-diplomov-a-dakovnych-listov
,09. decembra 2022,Otvorený list - Vedec roka,,www.tuke.sk/wps/portal/tuke/university/news/otvoreny-list-vedec-roka
"Na základe výzvy rektora TUKE na predkladanie žiadostí o udelenie výskumného grantu pre mladých vedeckých pracovníkov a denných doktorandov na TUKE do 30 rokov na rok 2023 bolo na Úsek VVaDŠ v stanovenom termíne doručených 15 žiadostí o grant. Komisia pre vedu a výskum na TUKE zodpovedne posúdila všetky žiadosti o udelenie výskumného grantu TUKE a vybrala nasledujúcich 7 projektov, ktoré budú financované v tejto výzve na obdobie riešenia projektu od 1. 1. 2023 do 31. 12. 2023:",14. decembra 2022,Výsledky posúdenia žiadostí o udelenie výskumného grantu pre mladých vedeckých pracovníkov TUKE na rok 2023,,www.tuke.sk/wps/portal/tuke/university/news/vysledky-granty-2023
"Študentská anketa - Student Questionnaire

student.tuke.sk/student/detailSpravy/23971691.mais",19.12.2022,,,
"Študentské ankety - Student Questionnaire

student.tuke.sk/student/detailSpravy/23971691.mais",19.12.2022,,,
Zverejnenie údajov po výberovom konaní,19. decembra 2022,Ukončené výberové konanie – profesor na SvF,,www.tuke.sk/wps/portal/tuke/university/news/vk-svf-20221107
"Osemnásty ročník súťaže „Študentská osobnosť Slovenska“, ktorý sa konal 19. decembra 2022 v Bratislave spoznal svojich laureátov za akademický rok 2021/2022.",21. decembra 2022,Študentská osobnosť Slovenska akad.r. 2021/2022,,www.tuke.sk/wps/portal/tuke/university/news/studentska-osobnost-slovenska-akad-r-2021-2022
"Spoločnosť L'Oréal Slovensko, spolu s partnermi Slovenskou organizáciou pre výskumné a vývojové aktivity, Slovenskou akadémiou vied a Slovenskou komisiou pre UNESCO, spustili prihlasovanie do 7. ročníka programu L'Oréal – UNESCO Pre ženy vo vede. Záujemkyne môžu svoje vedecké práce prihlásiť na webe www.prezenyvovede.sk do 31.1.2023.",12. januára 2023,7. ročník projektu L'Oréal – UNESCO Pre ženy vo vede,,www.tuke.sk/wps/portal/tuke/university/news/7-rocnik-projektu-loreal-unesco-pre-zeny-vo-vede-prihlasovanie
Zverejnenie údajov po výberovom konaní,13. januára 2023,Ukončené výberové konanie – výskumný pracovník na LF,,www.tuke.sk/wps/portal/tuke/university/news/vk-lf-20221202
Spoločnosť Huawei už niekoľko rokov poskytuje príležitosť pre vysokoškolských študentov z celého sveta zúčastniť sa na tréningovom programe Seeds for the future. Od roku 2020 prebieha iba online formou.,16. januára 2023,Tréningový program Seeds for the future – Huawei 2022,,www.tuke.sk/wps/portal/tuke/university/news/treningovy-program-seeds-for-the-future-huawei-2022
"14.1.2022 Pripomíname, že zápis do rozvrhu je povinnosťou všetkých denných študentov 1. a 2. stupňa. Všetky rozvrhové jednotky prvákom bakalárom budú zapísané do plánov na študijnom oddelení. Všetky ostatné rozvrhové jednotky pre ostatné ročníky sa pripravujú na garantujúcich katedrách. Postupne sú zverejňované aj pred otvorením kola pre študentov. Vzhľadom na zložitosť tvorby nie vždy je možné zistiť kolízie, príp. neexistenciu prestávky na obed pre každú kombináciu možností. Prosíme študentov a učiteľov o spoluprácu, aby nahlásili čím skôr zistené kolízie či iné problémy s rozvrhom ešte pred spustením kola pre študentov na príslušné katedry. Termíny kôl pre predmety zabezpečované FEI, EkF, TUKE: 5. kolo - 24.01.2023 od 10.00 hod. - 31.01.2023 do 10.00 hod. Zápisy do rozvrhov budú uzávierkou 5. kola v rozhraní študent zafixované. Žiadame študentov, aby si rozvrh urobili včas a dôsledne. Presun študenta medzi skupinami a celých rozvrhových jednotiek po  uzavretí kola rozvrhu nie je povolené ani študentom a ani vyučujúcim. 6. kolo - 06.02.2023 od 10.30 hod. - 13.02.2023 do 10.00 hod. Dohlásenie sa kvôli kolíziám a na opakované predmety. Otázky alebo problémy je potrebné riešiť osobne alebo elektronicky odosielať iba cez univerzitné študentské mailové adresy (čo najpresnejšie popísané, meno a priezvisko, stupeň, ročník, program, kód predmetu, názov predmetu, systémová chyba Mais, presný popis ako a kde sa vyskytla...) a adresovať:",14.1.2022,Kolá na zápis do rozvrhu na letný semester 2022/2023,,https://www.fei.tuke.sk/sk/studium/aktuality
"Správy o riešení výskumného grantu pre mladých vedeckých pracovníkov na TUKE za rok 2022, ktoré boli zaslané na Úsek vedy, výskumu a doktorandského štúdia TUKE boli zodpovedne posúdené prof. Ing. Ivom Petrášom, DrSc., predsedom Komisie pre vedu a výskum TUKE. Výsledky záverečného hodnotenia boli postúpené rektorovi TUKE.",16. januára 2023,Výsledky záverečného hodnotenia riešenia výskumného grantu pre mladých vedeckých pracovníkov na TUKE na rok 2022,,www.tuke.sk/wps/portal/tuke/university/news/granty-pre-mladych-vedcov-2022-vysledky
Najnovšie vydanie univerzitného časopisu.,16. januára 2023,Haló TU,,www.tuke.sk/wps/portal/tuke/university/news/halo-tu
Uzávierka prihlášok: 07. 02. 2023,17. januára 2023,Výberové konanie – vedúci zamestnanci na FBERG,,www.tuke.sk/wps/portal/tuke/university/news/vk-veduci-zam-fberg-jan-2023
Radi by sme Vás pozvali do MOOC Online kurzu Startup corporate collaboration v ktorom si vlastným tempom a samostatnou prácou s týždennými materiálmi a zadaniami môžete prehĺbiť Vaše znalosti v oblasti spolupráce medzi Startupmi a korporáciami pri tvorbe inovácií. Registrácia: 19. decembra 2022 – 23. februára 2023,18. januára 2023,MOOC: Spolupráca medzi Startupmi a korporáciami,,www.tuke.sk/wps/portal/tuke/university/news/mooc-spolupraca-medzi-startupmi-a-korporaciami-2023
"Odstávka systému  MAIS

student.tuke.sk/student/detailSpravy/3244252.mais",23.1.2023,,,
Najnovšie vydanie univerzitného časopisu.,23. januára 2023,Haló TU,,www.tuke.sk/wps/portal/tuke/university/news/halo-tu
Uzávierka prihlášok: 7. 2. 2023,24. januára 2023,Výberové konanie – vedúci katedry na SjF,,www.tuke.sk/wps/portal/tuke/university/news/vk-sjf-230124
Espa new opportunities,24. januára 2023,ESPA new opportunities,,www.tuke.sk/wps/portal/tuke/university/newshttps://icube.tuke.sk/wps/poc/!ut/p/wcm/oid%3aa377cbbc-a0df-419a-818d-1ec380c71e91
"Test zo Slovenského jazyka pre zahraničných študentov 1. ročníka Bc. štúdia Vážení študenti, dovoľujeme si Vám pripomenúť, že test zo  Slovenského jazyka  sa uskutoční  26.-27.1.2023 v priestoroch Počítačového centra FEI (PK6)  podľa harmonogramu, ktorý Vám bol zaslaný e-mailom dňa 16.1.2023.  Je potrebné si doniesť vlastné  káblové sluchadlá  (nie bezdrôtové) a  študentskú kartu  (ISIC). Adresa kurzu pre spustenie testu:  https://moodle.tuke.sk/moodle/course/view.php?id=10 Ďalšie informácie k testu:",24.1.2023,,,https://www.fei.tuke.sk/sk/studium/aktuality
V piatok 3.2.2023 vyvrcholí akcia Živé IT projekty. Stretneme sa o 10:00 v Univerzitnej knižnici TUKE - po dvoch online ročníkoch konečne NAŽIVO. Akcia Živé IT projekty je... ,26.01.2023 ,Záverečná prezentácia tímových projektov 2023,,https://kpi.fei.tuke.sk/sk/zaverecna-prezentacia-timovych-projektov-2023
"Dávame do pozornosti podujatie s názvom „Informačný deň k výzvam Horizont Europa: Klaster 4 – časť Digitalizácia a Priemysel“, ktoré sa uskutoční dňa 1. februára 2023 od 8:30 do 12:20 h. online.",26. januára 2023,Informačný deň k výzvam Horizont Europa: Klaster 4 – Digitalizácia a Priemysel,,www.tuke.sk/wps/portal/tuke/university/news/informacny-den-K4DaP
Uzávierka prihlášok: 13.02.2023,26. januára 2023,Výberové konanie – odborný asistent na ÚMIK FMMR,,www.tuke.sk/wps/portal/tuke/university/news/vk-fmmr-oa-umik-jan2023
"Budeš súčasťou procesu tvorby a vývoja reálneho digitálneho produktu,  od jeho úplného začiatku až po samotné uvedenie na trh. Naučíš sa, ako  “to” funguje v reálnom svete vďaka praktickému vzdelávaniu, ktoré ti  ponúkame.     Pre ďalšie informácie klikni TU.",27.1.2023,7. ročník programu DigitalLeague,https://www.fei.tuke.sk/uploads/0b/a2/0ba26d2026a3430bdfa1390d6637aba6/DL.jpg,https://www.fei.tuke.sk/sk/studium/aktuality
Štipendijný program Nemeckej spolkovej nadácie pre životné prostredie pre Strednú a Východnú Európu (MOE   Fellowship P rogramm der DBU) Viac informácií nájdete TU.,31.1.2023,,,https://www.fei.tuke.sk/sk/studium/aktuality
"Noví členovia boli alianciou oficiálne privítaní v piatok 16. decembra 2022 na tlačovej konferencii v Bruseli, ktorá bola súčasťou podujatia pod názvom „Príspevok iniciatívy Európskych univerzít k Európskej stratégii pre univerzity, novej Európskej inovačnej agende a inováciami podporovanej regionálnej transformácii“ organizovaného s cieľom prezentovať svojej inovačný ekosystém a víziu pre pokračovanie v ďalšom období.",02. februára 2023,Európska univerzita Ulysseus rastie – Univerzita v Münsteri a Univerzita Čierna Hora prijatí ako jej noví členovia,,www.tuke.sk/wps/portal/tuke/university/news/ts-tuke-dec-2022
"Rektori partnerských univerzít aliancie Ulysseus predstavili na tlačovej konferencii v piatok 16. decembra 2022 v Bruseli dvoch nových členov: Univerzitu v Münsteri (Nemecko) a Univerzitu Čierna Hora (Čierna Hora). Tlačová konferencia bola súčasťou jednodňového podujatia (Open Event) organizovaného pod názvom „Príspevok iniciatívy Európskych univerzít k Európskej stratégii pre univerzity, novej Európskej inovačnej agende a inováciami podporovanej regionálnej transformácii“, ktoré Ulysseus pripravil s cieľom priblížiť svojej inovačný ekosystém a víziu pre pokračovanie v ďalšom období.",02. februára 2023,Aliancia Ulysseus prezentovala v Bruseli svoju víziu a inovačný ekosystém,,www.tuke.sk/wps/portal/tuke/university/news/2022-aliancia-ulysseus-prezentovala-v-bruseli-svoju-viziu-a-inovacny-ekosystem
"Čo môžeš očakávať: Päť dní plných inšpiratívnej cesty založenej na výzvach z praxe. Profesionálni odborníci a inšpiratívni rečníci zo spolupracujúcich univerzít a spoločností. Fungovanie v medzinárodných tímoch študentov z Fínska, Španielska, Rakúska, Francúzska a Talianska. Zábava, spoznávanie regiónu Helsinki a získavanie nových kontaktov.   Viac detailov nájdete  TU.",6.2.2023,Zaži intenzívny vzdelávací kurz vo Fínsku,https://www.fei.tuke.sk/uploads/44/66/446650a633448adff215af49936b8a25/UL-HELSINKI.PNG,https://www.fei.tuke.sk/sk/studium/aktuality
Zaži aj ty Ulysseus Entre Camp Helsinki 2023! Čo môžeš očakávať:,05.02.2023 ,Zaži intenzívny vzdelávací kurz vo Fínsku,,https://kpi.fei.tuke.sk/sk/zazi-intenzivny-vzdelavaci-kurz-vo-finsku
"Prihlasovanie na športy v rámci Telesnej výchovy LS 2022/2023

student.tuke.sk/student/detailSpravy/18955897.mais",6.2.2023,,,
"Pozrite sa s nami na ôsmy ročník Živých IT projektov.
",06.02.2023 ,Živé IT projekty 2023 - Výhercovia,https://kpi.fei.tuke.sk/sites/www2.kpi.fei.tuke.sk/files/presentation_images/header-kpihack-2022.png,https://kpi.fei.tuke.sk/sk/zive-it-projekty-2023-vyhercovia
  Streda 08:15 - 09:45  Programovanie 09:55 - 11:35 (prvé 3 týždne do 12:00)  Matematika II 13:30 - 15:00 Fyzika 1 15:10 - 16:40 Elektrotechnika Prihlásenie:   https://tuke.webex.com/tuke/j.php?MTID=mdc8c2c821b218a90533a47b93ea4ea5f Heslo: prvaci,,Prednášky pre študentov 1. ročníka Bc. štúdia na FEI TUKE,,https://www.fei.tuke.sk/sk/studium/aktuality
  Streda 08:15 - 09:45  Programovanie 09:55 - 11:35 (prvé 3 týždne do 12:20)  Matematika II 13:30 - 15:00 Fyzika 1 15:10 - 16:40 Elektrotechnika Prihlásenie:   https://tuke.webex.com/tuke/j.php?MTID=mdc8c2c821b218a90533a47b93ea4ea5f Heslo: prvaci,,Prednášky pre študentov 1. ročníka Bc. štúdia na FEI TUKE,,https://www.fei.tuke.sk/sk/studium/aktuality
"MUDr. Valéria Vancáková – ambulancia praktického lekára pre dospelých, F. Urbánka 2, Košice",09. februára 2023,Zdravotná starostlivosť,,www.tuke.sk/wps/portal/tuke/university/news/zdravotna-starostlivost
"Pri príležitosti Medzinárodného dňa žien a dievčat vo vede sa 10. februára 2023 (piatok) o 12,00 hod. uskutoční webinár s názvom „Who you are matters. How to incorporate a gender+ and intersectional perspective in STEM research“.",09. februára 2023,Medzinárodný deň žien a dievčat vo vede – pozvánka na webinár,,www.tuke.sk/wps/portal/tuke/university/news/medzinarodny-den-zien-a-dievcat-vo-vede-pozvanka-2023
"Milí študenti!

Venujte, prosím, pozornosť informáciám uvedeným na ",12.02.2023 ,Výučba LS 2022/2023,https://kpi.fei.tuke.sk/sites/www2.kpi.fei.tuke.sk/files/presentation_images/header-aktuality-ls23.png,https://kpi.fei.tuke.sk/sk/vyucba-ls-20222023
Kvapka krvi,13. februára 2023,Valentínska kvapky krvi,,www.tuke.sk/wps/portal/tuke/university/newshttps://icube.tuke.sk/wps/poc/!ut/p/wcm/oid%3a18e96dee-e028-4d96-a7be-452460241d9e
Konzorcium európskych univerzít Ulysseus organizuje letnú školu Entre Camp Helsinki vo Fínsku v dňoch 5. – 9.6.2023. Zameranie letnej školy je na entrepreneurship a design thinking.,14. februára 2023,Zažite leto vo Fínsku: Ulysseus Entre Camp Helsinki 2023!,,www.tuke.sk/wps/portal/tuke/university/news/ulysseus-entre-camp-helsinki-2023
  Streda 08:15 - 09:45  Programovanie   (študenti študijného programu Počítačové siete dostanú emailom informácie na pripojenie k MS Teams skupine PPI-PS) 09:55 - 11:35 (prvé 3 týždne do 12:20)  Matematika II 13:30 - 15:00 Fyzika 1 15:10 - 16:40 Elektrotechnika  (študenti študijného programu Počítačové siete dostanú emailom informácie na pripojenie k MS Teams skupine Programovanie-PS) Prihlásenie:   https://tuke.webex.com/tuke/j.php?MTID=mdc8c2c821b218a90533a47b93ea4ea5f Heslo: prvaci,,Prednášky pre študentov 1. ročníka Bc. štúdia na FEI TUKE,,https://www.fei.tuke.sk/sk/studium/aktuality
  Streda Prihlásenie:   https://tuke.webex.com/tuke/j.php?MTID=mdc8c2c821b218a90533a47b93ea4ea5f Heslo: prvaci,,Prednášky pre študentov 1. ročníka Bc. štúdia na FEI TUKE,,https://www.fei.tuke.sk/sk/studium/aktuality
"V rámci spolupráce európskych univerzít pod hlavičkou aliancie Ulysseus prebehla ďalšia z programových aktivít, určená pre študentov a zameraná na segmenty kultúrneho a kreatívneho priemyslu (CCI).",14. februára 2023,Študenti aliancie Ulysseus hľadali inovatívne biznis modely pre kultúrny a kreatívny priemysel,,www.tuke.sk/wps/portal/tuke/university/news/studenti-ulysseus-cci
Vedenie Technickej univerzity v Košiciach dňa 14. februára 2023 navštívilo spoločnosť Kia Slovakia v Žiline.,16. februára 2023,Návšteva v Kia Slovakia,,www.tuke.sk/wps/portal/tuke/university/news/navsteva-v-kia-slovakia
V spolupráci s IT firmami a vedecko-výskumnými inštitúciami pripravujeme cyklus odborných seminárov na tému aktuálnych trendov v informatike a kyberbezpečnosti. Cieľom týchto... ,16.02.2023 ,Aktuálne trendy v informatike a kyberbezpečnosti,https://kpi.fei.tuke.sk/sites/www2.kpi.fei.tuke.sk/files/presentation_images/header-atik-new.png,https://kpi.fei.tuke.sk/sk/aktualne-trendy-v-informatike-a-kyberbezpecnosti
Viac informácií nájdete TU.,17.2.2023,Taiwan Semiconductor Scholarship Program,https://www.fei.tuke.sk/uploads/4b/a6/4ba61c28abae4abc22ee108a6f9a3122/TAIWAN-STIPENDIUM.PNG,https://www.fei.tuke.sk/sk/studium/aktuality
,17. februára 2023,Nove pracovné ponuky pre našich absolventov,,www.tuke.sk/wps/portal/tuke/university/newshttps://icube.tuke.sk/wps/poc/!ut/p/wcm/oid%3acecb602e-8376-4654-8d6e-a990425d046b
"  Známa cestovná kancelária  Dovolenka.sme.sk  organizuje  súťaž pre študentov vysokých škôl . Ako sa zapojiť do súťaže? Podeľ sa s nami o  inšpiratívny cestovateľský príbeh  - vymyslený alebo zažitý. Spracovanie je voliteľné. Či už sa rozhodneš napísať pútavú poviedku, vytvoriť graficky zaujímavú prezentáciu alebo zostrihať cestovateľský vlog, forma spracovania je na tebe. Čo môžeš vyhrať? Hrá sa o  3 x voucher v hodnote 300 €  na zájazd podľa výberu výhercu. Či už ťa láka oddych na prekrásnych plážach   Grécka , príroda na   Kanárskych ostrovoch , spoznávanie kultúry v   Turecku  alebo skúmanie histórie na   poznávacom zájazde , voucher môžeš uplatniť na ktorúkoľvek dovolenku podľa svojich predstáv. Ako sa zúčastniť? Prečítaj si presné pravidlá na  stránke súťaže  a pošli svoje vypracovanie do 30. apríla 2023 na email  dovolenka24@gmail.com.",21.2.2023,Cestovateľská súťaž pre študentov,https://www.fei.tuke.sk/uploads/ce/26/ce2602d0d1c1e0551e54a80574938c6c/Obr%C3%A1zok-S%C3%BA%C5%A5a%C5%BE-pre-%C5%A1tudentov-V%C5%A0-zdroj-pexels.com-.jpg,https://www.fei.tuke.sk/sk/studium/aktuality
New Opportunities ESPA,21. februára 2023,Espa New Opportunities,,www.tuke.sk/wps/portal/tuke/university/newshttps://icube.tuke.sk/wps/poc/!ut/p/wcm/oid%3a9d64f20b-4449-4596-a997-bf617f3e1152
Zverejnenie údajov po výberovom konaní,24. februára 2023,Ukončené výberové konanie – odborný asistent na ÚMIK FMMR,,www.tuke.sk/wps/portal/tuke/university/news/vk-fmmr-oa-umik-jan2023
"Známa cestovná kancelária Dovolenka.sme.sk organizuje súťaž pre študentov vysokých škôl. 

Ako sa zapojiť do súťaže...",24. februára 2023,Cestovateľská súťaž pre študentov - vyhraj voucher v hodnote 300 € na zájazd,,www.tuke.sk/wps/portal/tuke/university/newshttps://icube.tuke.sk/wps/poc/!ut/p/wcm/oid%3a95a00b08-b2d0-4492-9288-9f0db3c48297
Two new creative Internship opportunities,27. februára 2023,Two new creative Internship opportunities,,www.tuke.sk/wps/portal/tuke/university/newshttps://icube.tuke.sk/wps/poc/!ut/p/wcm/oid%3a31f03933-0c39-4525-84fd-b8da88d79759
"Dear All, SEA & ENVIPRO Lab of the University of West Attica, together with the Municipalities of Tilos (Europes's First Energy-Self-Sufficient Island) and Nisyros (known for its active volcano, UNESCO’s Global Geopark) in the Aegean Sea, are pleased to announce the  1st International Summer School on “Small Islands’ Clean Energy Transition – Technologies, Applications & Real Life Paradigms”  from 28/05/2023 to 02/06/2023 and invite you to participate. Our Summer School aims to provide attendants with specialized knowledge on the design and implementation of modern Hybrid Energy Systems and their application in small and medium-scale autonomous electricity grids, such as with the real life paradigm of Tilos island. In its core, the course will emphasize on the maximization of Renewable Energy Sources (RES) power generation, with the aim to both generate benefits for island communities and protect the local environment. For more information about the summer school please press  here.  Please, apply early  here  to express your interest of participation till 20th of March 2023.",27.2.2023,1st International Summer School on “Small Islands’ Clean Energy Transition,https://www.fei.tuke.sk/uploads/eb/ac/ebacab61c1db393565a22aaf0961662b/Summer-school-2023.jpg,https://www.fei.tuke.sk/sk/studium/aktuality
"Milí študenti, dávame Vám do pozornosti Workshop robotiky s hlavnou témou Lego Mindstorms, ktorý sa uskutoční 28.2. od 8 do 15hod.
",27.02.2023 ,Workshop robotiky a Lego Mindstorms,,https://kpi.fei.tuke.sk/sk/workshop-robotiky-a-lego-mindstorms
Uzávierka prihlášok je do: 30. 04. 2023,28. februára 2023,Výberové konanie – odborný asistent na Katedru dizajnu a Katedru teórie a dejín umenia FU,,www.tuke.sk/wps/portal/tuke/university/news/vk-fu-20220228-kd
"Hemisféra ľavá o.z. vytvorila komplexnú vzdelávaciu platformu v oblasti vývoja počítačových hier a momentálne rozširuje svoj tím lektorov pre kurzy GameCraft. Hľadá šikovných,... ",03.03.2023 ,Hemisféra hľadá lektorov pre kurzy vývoja hier pre deti,,https://kpi.fei.tuke.sk/sk/hemisfera-hlada-lektorov-pre-kurzy-vyvoja-hier-pre-deti
Zverejnenie údajov po výberovom konaní,06. marca 2023,Ukončené výberové konanie – vedúci zamestnanci na FBERG,,www.tuke.sk/wps/portal/tuke/university/news/vk-veduci-zam-fberg-jan-2023
"CyberGame je kyberbezpečnostná hra pre študentov, talentovaných hráčov, programátorov aj profesionálov rôznej úrovne. Druhý ročník akcentuje hľadanie talentov pre oblasť... ",06.03.2023 ,Registrácia do kyberbezpečnostnej súťaže CyberGame je otvorená,,https://kpi.fei.tuke.sk/sk/registracia-do-kyberbezpecnostnej-sutaze-cybergame-je-otvorena
"Odstávka systému  MAIS

student.tuke.sk/student/detailSpravy/3244252.mais",7.3.2023,,,
"Úsek zahraničných vzťahov a mobility TUKE vypisuje výzvu na predkladanie prihlášok pre študentov, záujemcov o Erasmus+ študijný pobyt v akademickom roku 2023/24. Prihlášky je možné odovzdávať fakultným koordinátorom do 20.03.2023.",07. marca 2023,Erasmus+ výzva 2023/2024,,www.tuke.sk/wps/portal/tuke/university/news/erasmus-vyzva-2023-2024
Združenie gestorských organizácií si Vás dovoľuje osloviť s prosbou o zaslanie návrhov pre udelenie ocenenia „Medaila akademika Ivana Plandera“.,08. marca 2023,Výzva pre zaslanie návrhov na ocenenie „Medaila akademika Ivana Plandera“,,www.tuke.sk/wps/portal/tuke/university/news/academic-plander-medal-call
Výzva na študentskú mobilitu v akademickom roku 2023/2024,08. marca 2023,Výzva na študentskú mobilitu v akademickom roku 2023/2024,,www.tuke.sk/wps/portal/tuke/university/newshttps://icube.tuke.sk/wps/poc/!ut/p/wcm/oid%3a46646e9b-011c-433f-8aea-0a50f139ac5c
"Oznam pre uchádzačov o ubytovanie v ŠDaJ TUKE – len VYŠŠIE ROČNÍKY

student.tuke.sk/student/detailSpravy/42809419.mais",13.3.2023,,,
Uzávierka prihlášok: 03. 04. 2023,13. marca 2023,"Výberové konanie – docenti, odborní asistenti, výskumní pracovníci, lektori na FBERG",,www.tuke.sk/wps/portal/tuke/university/news/vk-fberg-doc-oa-vp-lek-mar-2023
"Národná kancelária Horizontu  Europa pre SR a Technologické centrum Praha Vás srdečne pozývajú na spoločný informačný deň k MSCA Staff Exchanges, ktorý sa uskutoční dňa 29. marca 2023 v prezenčnej forme na Univerzite Palackého v Olomouci.",15. marca 2023,Informačný deň ku grantom MSCA SE programu Horizont Europa,,www.tuke.sk/wps/portal/tuke/university/news/informacny-den-msca-se
Referent logistiky v Michalovciach,16. marca 2023,Referent logistiky v Michalovciach,,www.tuke.sk/wps/portal/tuke/university/newshttps://icube.tuke.sk/wps/poc/!ut/p/wcm/oid%3afd729001-59f1-45d2-ad05-f069fa925d07
Zverejnenie údajov po výberovom konaní,17. marca 2023,Ukončené výberové konanie – výskumný pracovník na SvF,,www.tuke.sk/wps/portal/tuke/university/news/vk-svf-230123
"Kolektív autorov KPI (Ing. Marcel Vološin, Ing. Eugen Šlapak, Adam Petík a prof. Juraj Gazda) v spolupráci s CVUT Praha a University College Dublin publikoval vedeckú štúdiu v... ",17.03.2023 ,Významný úspech katedry v oblasti umelej inteligencie a autonómnej mobility vozidiel,https://kpi.fei.tuke.sk/sites/www2.kpi.fei.tuke.sk/files/presentation_images/header-kpihack-2022.png,https://kpi.fei.tuke.sk/sk/vyznamny-uspech-katedry-v-oblasti-umelej-inteligencie-a-autonomnej-mobility-vozidiel
Zisti viac o zelenej mobilite prostredníctvom online vzdelávacieho videokurzu a vyhraj výstavu elektromobilov pre svoju školu. Témy online videokurzu:,20.3.2023,Projekt Smart Green Mobility,https://www.fei.tuke.sk/uploads/72/b9/72b9337864991753b59f8110850e9550/Plagat-SGM_A3_PRINT-1.png,https://www.fei.tuke.sk/sk/studium/aktuality
  Streda Prihlásenie:   https://tuke.webex.com/tuke/j.php?MTID=mdc8c2c821b218a90533a47b93ea4ea5f Heslo: prvaci,,Prednášky pre študentov 1. ročníka Bc. štúdia na FEI TUKE,,https://www.fei.tuke.sk/sk/studium/aktuality
New Opportunities in UK,22. marca 2023,New Opportunities in UK,,www.tuke.sk/wps/portal/tuke/university/newshttps://icube.tuke.sk/wps/poc/!ut/p/wcm/oid%3a08627ccb-7336-4241-bf5d-ecc1a5a5175a
Dekan FEI TUKE udeľuje dňa  6.4.2023 (štvrtok)  dekanské voľno pre študentov FEI všetkých stupňov štúdia.,22.3.2023,Dekanské voľno,,https://www.fei.tuke.sk/sk/studium/aktuality
Registrácia je otvorená do 1.4.2023 na ,23.03.2023 ,Registrujte sa na Game Jam 2023,,https://kpi.fei.tuke.sk/sk/registrujte-sa-na-game-jam-2023
Uzávierka prihlášok: 28.04.2023,24. marca 2023,Výberové konania – docenti a odborní asistenti na FMMR,,www.tuke.sk/wps/portal/tuke/university/news/vk-fmmr-20230324
,27. marca 2023,"Koronavírus – informácie, opatrenia",,www.tuke.sk/wps/portal/tuke/university/news/koronavirus
Informácie o Doplňujúcom pedagogickom štúdiu v AR 2023/2024 pre získanie pedagogickej spôsobilosti  ,27.3.2023,,,https://www.fei.tuke.sk/sk/studium/aktuality
Espa New opportunities Erazmus,28. marca 2023,Espa New opportunities Erazmus,,www.tuke.sk/wps/portal/tuke/university/newshttps://icube.tuke.sk/wps/poc/!ut/p/wcm/oid%3aa624ffe6-2615-4535-ab17-611c20334ae4
Prihláste sa na doplňujúce pedagogické štúdium.,28. marca 2023,Doplňujúce pedagogické štúdium na TUKE v akademickom roku 2023/24,,www.tuke.sk/wps/portal/tuke/university/news/doplnujuce-pedagogicke-studium
"Odstávka systému  MAIS

student.tuke.sk/student/detailSpravy/3244252.mais",3.4.2023,,,
Uzávierka prihlášok: 28.04.2023,04. apríla 2023,Výberové konanie – docent na UMIK FMMR,,www.tuke.sk/wps/portal/tuke/university/news/vk-fmmr-20230404
"Košice a ich širšie okolie sa budú v polovičke augusta (11. – 18.8.) hemžiť orientačnými bežcami. Po 3 významných celosvetových akciách v minulosti (1988 – 5. kolo svetového pohára, 2006 – Akademické majstrovstvá sveta, 2012 – Juniorské majstrovstvá sveta) si tentokrát v nich dajú zraz na svojom šampionáte veteráni. Športovci, ktorí už majú svoje výkonnostné limity za sebou, no láska a vášeň k pohybu v neznámom teréne s mapou a buzolou v ruke im zostala.",04. apríla 2023,Veteránske majstrovstvá sveta v orientačnom behu v Košiciach,,www.tuke.sk/wps/portal/tuke/university/news/wmoc2023
"Na čo nesmeme zabudnúť pri budovaní svojej značky
12. apríla 2023,14:00 – 16:00 (online)

Getting Things Dones
19. apríla 2023, 13:00 – 16:00 (online)",07. apríla 2023,UVP Technicom: Workshopy,,www.tuke.sk/wps/portal/tuke/university/news/uvpt-workshopy
"Chcel by si začať svoju kariéru v zaujímavom, rýchlo sa rozvíjajúcom prostredí výroby? Máš vysokoškolské vzdelanie 1. alebo 2. stupňa v akomkoľvek technickom odbore a chcel by si svoje zručnosti ďalej rozvíjať vo vedúcej, medzinárodnej spoločnosti?",12. apríla 2023,Pracovná ponuka pre absolventov technických odborov,,www.tuke.sk/wps/portal/tuke/university/newshttps://icube.tuke.sk/wps/poc/!ut/p/wcm/oid%3a799bb71e-bd8a-46c0-b3b0-0678e828468a
"Na čo nesmieme zabudnúť pri budovaní svojej značky
12. apríla 2023,14:00 – 16:00 (online)

Getting Things Dones
19. apríla 2023, 13:00 – 16:00 (online)",06. apríla 2023,UVP Technicom: Workshopy,,www.tuke.sk/wps/portal/tuke/university/news/uvpt-workshopy
Dňa 12. apríla 2023 si z rúk pani prezidentky Slovenskej republiky Zuzany Čaputovej prevzalo vymenúvacie dekréty v odboroch habilitačného konania a inauguračného konania (HKaIK) 32 nových vysokoškolských profesoriek a profesorov. Medzi novovymenovanými profesormi boli aj členovia akademickej obce Technickej univerzity v Košiciach,12. apríla 2023,Novovymenovaní profesori z TUKE,,www.tuke.sk/wps/portal/tuke/university/news/novovymenovani-profesori-z-tuke-apr-2023
Na KPI máme aktualizáciu na pozícii študijnej poradkyne: ,13.04.2023 ,Aktualizácia: Študijné poradkyne na KPI,https://kpi.fei.tuke.sk/sites/www2.kpi.fei.tuke.sk/files/presentation_images/header-atik-new.png,https://kpi.fei.tuke.sk/sk/aktualizacia-studijne-poradkyne-na-kpi
"Legislatívna komisia Akademického senátu Technickej univerzity v Košiciach na svojom zasadnutí za prítomnosti predsedu Akademického senátu Technickej univerzity v Košiciach a predsedu Správnej rady Technickej univerzity v Košiciach dňa 17. apríla 2023 o 12:15 hod skontrolovala doručené návrhy na kandidátov a konštatuje, že bol navrhnutý jediný kandidát na rektora Technickej univerzity v Košiciach, ktorým je:",18. apríla 2023,Voľby kandidáta na rektora Technickej univerzity v Košiciach,,www.tuke.sk/wps/portal/tuke/university/news/volby-kandidata-na-rektora-2023
Uzávierka prihlášok: 10.05.2023,18. apríla 2023,Výberové konania – docenti a odborní asistenti na EkF,,www.tuke.sk/wps/portal/tuke/university/news/vk-ekf-20230418
"Príďte si rozhýbať telo a podporiť myseľ  v malebnom okolí obce Herľany, pod upätím západných svahov Slanských vrchov. Načerpajte potrebnú energiu a využite možnosť aktívne stráveného času spojeného s relaxom v krásnom prostredí.",18. apríla 2023,Pohybovo-turistický pobyt Herľany 26.6. – 28.6.2023,,www.tuke.sk/wps/portal/tuke/university/news/herlany-2023
"Dňa 27. apríla 2023 (štvrtok) spolu oslavujeme Európsky deň žien a dievčat v IKT. A tento rok sme sa rozhodli osláviť ho osobne, spolu so všetkými dievčatami, ktoré svet technológií zaujíma a chceli by sa o ňom dozvedieť viac, no aj s tými, ktoré ho vôbec nepoznajú, ale neboja sa výziev.",19. apríla 2023,Európsky deň žien a dievčat v IT,,www.tuke.sk/wps/portal/tuke/university/news/europsky-den-zien-v-iikt
Predstavitelia významnej medzinárodnej spoločnosti Caterpillar navštívili Technickú univerzitu v Košiciach dňa 19. apríla 2023.,19. apríla 2023,Návšteva predstaviteľov spoločnosti Caterpillar,,www.tuke.sk/wps/portal/tuke/university/news/caterpillar-navsteva
Uzávierka prihlášok: 11.5.2023,20. apríla 2023,Výberové konanie – odborný asistent na EkF,,www.tuke.sk/wps/portal/tuke/university/news/vk-ekf-20230420
"História výroby elektronických súčiastok na Slovensku – krátkodobá výstava v Slovenskom technickom múzeu, Košice Hlavná 88",20. apríla 2023,Oznam o výstave v STM,,www.tuke.sk/wps/portal/tuke/university/news/2023-oznam-o-vystave-v-stm
"Ďalší úspech doktorandov KPI na konferencii SCYR.
",23.04.2023 ,Úspech našich doktorandov na konferencii SCYR 2023,https://kpi.fei.tuke.sk/sites/www2.kpi.fei.tuke.sk/files/presentation_images/header-kpihack-2022.png,https://kpi.fei.tuke.sk/sk/uspech-nasich-doktorandov-na-konferencii-scyr-2023
"Oznamujeme študentom,  že výuka dňa  3.5.2023 (streda) a  9.5.2023 (utorok)  bude prebiehať podľa  pondelkového rozvrhu.",24.4.2023,,,https://www.fei.tuke.sk/sk/studium/aktuality
Global Graduate (Management Trainee) Program - príležitosti pre absolventov,25. apríla 2023,Global Graduate (Management Trainee) Program - príležitosti pre absolventov,,www.tuke.sk/wps/portal/tuke/university/newshttps://icube.tuke.sk/wps/poc/!ut/p/wcm/oid%3aff589e11-c4fa-42b6-888d-5dfe373ae0f8
Zverejnenie údajov po výberovom konaní,26. apríla 2023,"Ukončené výberové konanie – docenti, odborní asistenti, výskumní pracovníci, lektori na FBERG",,www.tuke.sk/wps/portal/tuke/university/news/vk-fberg-doc-oa-vp-lek-mar-2023
Verejné vystúpenie a vypočutie kandidáta na rektora Technickej univerzity v Košiciach sa uskutoční dňa 15. 5. 2023 o 13:30 hod v Aule Maxima na Letnej 1/9 v Košiciach a bude zabezpečené aj formou verejného prenosu na adrese:,27. apríla 2023,Voľby kandidáta na rektora Technickej univerzity v Košiciach,,www.tuke.sk/wps/portal/tuke/university/news/volby-kandidata-na-rektora-2023
"Tepláreň NAHLAS je sériou verejných diskusií, ktoré reagujú na vzniknutú spoločenskú situáciu po cielených vraždách dvoch príslušníkov LGBTI+ menšiny na Zámockej ulici.",02. mája 2023,Tepláreň NAHLAS: Univerzita pre všetkých?,,www.tuke.sk/wps/portal/tuke/university/news/2023-teplaren-nahlas-univerzita-pre-vsetkych
Centrum vedecko-technických informácií SR vyhlasuje súťaž CENA ZA TRANSFER TECHNOLÓGIÍ NA SLOVENSKU 2023 a pozýva vedeckovýskumné inštitúcie k zapojeniu sa do 11. ročníka celoslovenskej súťaže.,02. mája 2023,Cena za transfer technológií na Slovensku 2023,,www.tuke.sk/wps/portal/tuke/university/news/cena-za-transfer-technologii-2023
"ESET Science Award aj tento rok hľadá výnimočné vedecké osobnosti, mladé talenty aj vysokoškolských pedagógov a vysokoškolské pedagogičky, pôsobiace na Slovensku. Nominácie sa uzatvárajú 10. mája 2023.",03. mája 2023,Nominácie na ESET Science Award,,www.tuke.sk/wps/portal/tuke/university/news/2023-nominacie-na-eset-science-award
Uzávierka prihlášok: 5.6.2023,09. mája 2023,Výberové konania – FVT TUKE v Prešove,,www.tuke.sk/wps/portal/tuke/university/news/vk-fvt-maj-2023
Termín doručenia prihlášok: do 25.05.2023,09. mája 2023,"Výberové konanie – ÚJSŠ TUKE, Oddelenie akademického športu",,www.tuke.sk/wps/portal/tuke/university/news/vk-ujss-oa-maj2023
"Vysokokvalifikovaný tím firmy Schiweick, Weinzierl a Koch pripravil pre doktorandov, výskumných pracovníkov a manažment TUKE dva informačné bloky na tému Význam duševného vlastníctva dňa 16.05.2023, UVP TECHNICOM, Němcovej 5, Košice. REGISTRÁCIA.",10. mája 2023,"Pozvánka na prednášku Význam duševného vlastníctva z pohľadu Schiweck, Weinzierl a Koch",,www.tuke.sk/wps/portal/tuke/university/news/pozvanka-na-prednasku-vyznam-dusevneho-vlastnictva-maj-2023
Uzávierka: 31.05.2023,10. mája 2023,Výberové konanie – riaditelia/riaditeľky ústavov a inštitútu na SvF TUKE,,www.tuke.sk/wps/portal/tuke/university/news/vk-svf-riad-ustavov-maj2023
Zverejnenie údajov po výberovom konaní,12. mája 2023,Ukončené výberové konanie – docenti na FBERG,,www.tuke.sk/wps/portal/tuke/university/news/vk-fberg-doc-oa-vp-lek-mar-2023
Uzávierka: 05.06.2023,15. mája 2023,Výberové konanie – výskumní pracovníci/pracovníčky na SvF,,www.tuke.sk/wps/portal/tuke/university/news/vk-svf-20230515
"MUDr. Valéria Vancáková – ambulancia praktického lekára pre dospelých, F. Urbánka 2, Košice",15. mája 2023,Zdravotná starostlivosť,,www.tuke.sk/wps/portal/tuke/university/news/zdravotna-starostlivost
,15. mája 2023,Výsledky voľby kandidáta na rektora Technickej univerzity v Košiciach,,www.tuke.sk/wps/portal/tuke/university/news/vysledky-volby-kandidata-na-rektora
Zoči voči dospelosti,16. mája 2023,Zoči voči dospelosti,,www.tuke.sk/wps/portal/tuke/university/newshttps://icube.tuke.sk/wps/poc/!ut/p/wcm/oid%3a779e3054-d940-463b-bb02-880e69cb1ed6
International Study Programmes in Europe,16. mája 2023,International Study Programmes in Europe,,www.tuke.sk/wps/portal/tuke/university/newshttps://icube.tuke.sk/wps/poc/!ut/p/wcm/oid%3acf2fc9e0-a31e-44e7-aad9-de913865c90c
"Opäť sa nám blíži čas štátnic v inžinierskom stupni štúdia, ktorých úspešné absolvovanie znamená slávnostnú promóciu pred rodičmi, starými rodičmi, partnermi alebo partnerkami, manželmi alebo manželkami, alebo kamarátmi. Slávnostná promócia bude okamihom, ktorý si budete pamätať po zvyšok života. Zaspomínajme si na vlaňajšiu slávnostnú promóciu absolventov 2. stupňa štúdia. Už teraz sa tešíme na tú tohtoročnú.",17.5.2022,Promócie FEI TUKE v akad. roku 2021/2022,,https://www.fei.tuke.sk/sk/studium/aktuality
"Za TUKE ocenenie v kategórii Technológ roka/Technologička roka získal doc. Ing. Marek Vrabeľ, PhD., zo Strojníckej fakulty, za zabezpečenie komplexnej technologickej prípravy výroby a samotnej výroby jedinečných dielcov pre letecký, vesmírny a jadrový priemysel.",17. mája 2023,Technológ roka z TUKE,,www.tuke.sk/wps/portal/tuke/university/news/technolog-roka-z-tuke
"Košice, 15. mája 2023 – Volebné zhromaždenie, pozostávajúce z členov Akademického senátu Technickej univerzity v Košiciach a členov Správnej rady Technickej univerzity v Košiciach, v zmysle § 10 ods. 5 zákona č. 131/2002 Z.z. o vysokých školách a o zmene a doplnení niektorých zákonov, Štatútu TUKE a Zásad voľby kandidáta na rektora a prijatia návrhu na odvolanie rektora TUKE, ktoré sa konalo 15. mája 2023, zvolilo tajným hlasovaním všetkými hlasmi prof. Ing. Petra MÉSÁROŠA, PhD., za kandidáta na rektora Technickej univerzity v Košiciach.",18. mája 2023,Košice: Rektorom Technickej univerzity by sa mal stať Peter Mésároš,,www.tuke.sk/wps/portal/tuke/university/news/rektorom-tuke-by-sa-mal-stat-peter-mesaros
"Srdečne vás pozývame na tradičnú mineralogickú burzu pri príležitosti PIKNIK na TUKE a DOD na FBERG, ktorá sa uskutočni v utorok 23. mája 2023 od 9:00 do 17:00 hod. v Deliusovom (baníckom) pavilóne, Park Komenského 19",19. mája 2023,Mineralogická burza 2023,,www.tuke.sk/wps/portal/tuke/university/news/mineralogicka-burza
"Súhlas so spracúvaním osobných údajov za účelom vyhodnotiť názory absolventa po ukončení štúdia na Technickej univerzite v Košiciach

student.tuke.sk/student/detailSpravy/54080912.mais",19.5.2023,,,
Interested in Sustainability and Renewable Resources? First class job opportunities are available for graduates of our Master program.,22. mája 2023,EuroEducation: International Study Programmes in Europe,,www.tuke.sk/wps/portal/tuke/university/newshttps://icube.tuke.sk/wps/poc/!ut/p/wcm/oid%3a16a78885-9f81-40d3-b4af-e375ac73e569
"Oznam pre uchádzačov o ubytovanie v ŠDaJ TUKE na ak. rok 2023/2024 - BUDÚCI PRVÁCI

student.tuke.sk/student/detailSpravy/46642895.mais",22.5.2023,,,
"Milí študenti, pripravili sme pre Vás krátky súhrn k organizácii štátnych záverečných skúšok. Prosím, pozorne si prečítajte všetky informácie.
",22.05.2023 ,Štátne záverečné skúšky - Máj 2023,https://kpi.fei.tuke.sk/sites/www2.kpi.fei.tuke.sk/files/presentation_images/header-maj-2023.png,https://kpi.fei.tuke.sk/sk/statne-zaverecne-skusky-maj-2023
Zverejnenie údajov po výberovom konaní,23. mája 2023,Ukončené výberové konanie – odborný asistent na EkF,,www.tuke.sk/wps/portal/tuke/university/news/vk-ekf-20230420
"Podujatie sa uskutoční 2. júna 2023 od 9:00 do 12:00 v Univerzitnom vedeckom parku Technicom, Boženy Němcovej 5, Košice",26. mája 2023,Študuj letectvo,,www.tuke.sk/wps/portal/tuke/university/news/studuj-letectvo
"Prváci:  Skúška zo slovenského jazyka  sa uskutoční v  utorok 6.6.2023   doobeda (08:00 a 09:45).   Realizovať sa bude  v rovnakom Moodle kurze ako v ZS 2022/2023.   Harmonogram,  kde je uvedený čas a miestnosť, sme zaslali emailom tým študentom, ktorí sú povinní absolvovať skúšku slovenského jazyka.  Výsledky budú známe do 2 týždňov.",2.6.2023,Prváci: Skúška zo slovenského jazyka,,https://www.fei.tuke.sk/sk/studium/aktuality
Kolá podávania požiadaviek na zápis predmetov a do rozvrhu na akademický rok 2023/2024,7.6.2023,Zápis predmetov a do rozvrhu na akademický rok 2023/2024,,https://www.fei.tuke.sk/sk/studium/aktuality
"Odstávka systému  MAIS

student.tuke.sk/student/detailSpravy/3244252.mais",8.6.2023,,,
Dňa 14.06.2023 (streda)  budú z  dôvodu nácviku promócií  zrušené  poobedňajšie stránkové hodiny na študijnom oddelení FEI !,13.6.2023,Poobedňajšie stránkové hodiny na študijnom oddelení zrušené,,https://www.fei.tuke.sk/sk/studium/aktuality
"Zápis predmetov Telesná výchova, spoločensko vedných predmetov a cudzích jazykov na akademický rok  2023/24

student.tuke.sk/student/detailSpravy/53010614.mais",19.6.2023,,,
"Zápis predmetov Telesná výchova, spoločensko vedných predmetov a cudzích jazykov na akademický rok  2023/24 (okrem FVT v Prešove)

student.tuke.sk/student/detailSpravy/53010614.mais",19.6.2023,,,
"Odstávka systému  MAIS

student.tuke.sk/student/detailSpravy/3244252.mais",23.6.2023,,,
Zverejnenie údajov po výberových konaniach,22. júna 2023,Ukončené výberové konania – FVT TUKE v Prešove,,www.tuke.sk/wps/portal/tuke/university/news/vk-fvt-maj-2023
Dňa 4.7.2023 v čase 10:00 – 11:30 sa uskutoční online webinár k výzve z Plánu obnovy „Transformačné a inovačné konzorciá“,30. júna 2023,Online webinár k výzve z Plánu obnovy „Transformačné a inovačné konzorciá“,,www.tuke.sk/wps/portal/tuke/university/news/webinar-transformacne-a-inovacne-konzorcia
Uzávierka prihlášok je 31.07.2023,03. júla 2023,Výberové konanie – Science and Research Officer  – Research Project Manager at the Faculty of Economics,,www.tuke.sk/wps/portal/tuke/university/news/vk-ekf-20230703-sro
Zverejnenie údajov po výberovom konaní,03. júla 2023,Výberové konanie – odborný asistent/asistentka na SvF,,www.tuke.sk/wps/portal/tuke/university/news/vk-svf-230531
"Úspešní absolventi štátnych skúšok v ak. roku 2022/2023 budú podpisovať preberanie  dokladov  o ukončení  štúdia (diplom, vysvedčenie,  dodatok  k diplomu, knihu absolventov)",4.7.2023,Ukončenie bakalárskeho štúdia odovzdávanie dokladov podľa študijných programov,,https://www.fei.tuke.sk/sk/studium/aktuality
"Oznam pre budúcich prvákov Ing. štúdia (v školskom roku 2023/24):

Prvé kolo prihlasovania na predmety v MAISe sa končí skôr ako budete prijatí na inžinierske štúdium a druhé kolo... ",04.07.2023 ,Prihlásenie na VMI - budúci prváci Ing. štúdia,https://kpi.fei.tuke.sk/sites/www2.kpi.fei.tuke.sk/files/presentation_images/header-jun-2023.png,https://kpi.fei.tuke.sk/sk/prihlasenie-na-vmi-buduci-prvaci-ing-studia-0
"Pavol Padyšák, líder študentského startupu SkySail, získal cenu JCI-Slovensko za startup s veľkým inovačným potenciálom na súťaži University Startup Cup 2023.
",05.07.2023 ,Úspech nášho študenta na Slovak University Startup Cup 2023,https://kpi.fei.tuke.sk/sites/www2.kpi.fei.tuke.sk/files/presentation_images/header-kpihack-2022.png,https://kpi.fei.tuke.sk/sk/uspech-nasho-studenta-na-slovak-university-startup-cup-2023
"Ďalší Game Jam je za nami, pozrime sa na víťazov.",23.03.2023 ,Naši tretiaci na Game Jam 2023,,https://kpi.fei.tuke.sk/sk/nasi-tretiaci-na-game-jam-2023
"Projekt Košice 2.0, akceleračný program, dizajnové myslenie, workshopy, prototypy. To je len zopár kľučových slov Challenger Ideator-a, na ktorom sa zúčastnili aj naši študenti a... ",06.07.2023 ,Zúčastnili sme sa tretieho ročníka programu Challenger Ideator,,https://kpi.fei.tuke.sk/sk/zucastnili-sme-sa-tretieho-rocnika-programu-challenger-ideator
"Národná Kancelária Horizontu pozýva záujemcov o témy a výzvy klastra 3 – Civilná bezpečnosť pre spoločnosť na národný informačný deň, ktorý sa uskutoční dňa 12. júla 2023 od 10:00 – 11:45 hod. online. Bude zameraný na predstavenie príležitostí a aktuálne otvorené výzvy pre  klaster 3.",11. júla 2023,Webinár: Aktuálne príležitosti a predstavenie nových výziev klastra 3,,www.tuke.sk/wps/portal/tuke/university/news/webinar-nove -vyzvy-klastra-3
Zverejnenie údajov po výberovom konaní,13. júla 2023,Ukončené výberové konanie – odborný asistent/asistentka na FVT,,www.tuke.sk/wps/portal/tuke/university/news/vk-fvt-20230609
"Pracovná ponuka pre architektov, projektantov pozemných stavieb",15. júna 2023,"Pracovná príležitosť vo firme AD-PROJECTION, s.r.o.",,www.tuke.sk/wps/portal/tuke/university/newshttps://icube.tuke.sk/wps/poc/!ut/p/wcm/oid%3a9c48ff43-c4ac-4701-9b94-12e90e899d8a
Uzávierka prihlášok je: 7. 8. 2023,17. júla 2023,Výberové konanie – riaditelia/riaditeľky účelových pracovísk na SvF,,www.tuke.sk/wps/portal/tuke/university/news/vk-svf-20230717
"Európska univerzita Ulysseus, ktorej súčasťou je aj Technická univerzita v Košiciach, vstupuje do ďalšej fázy svojho pôsobenia, v ktorej bude silnejšia v oblasti vzdelávania, vedy a inovácií a zároveň rozmanitejšia, komplementárnejšia a viac multikultúrna.",17. júla 2023,Ulysseus pokračuje ďalej: Európska komisia podporuje naše pokračovanie na ďalšie štyri roky,,www.tuke.sk/wps/portal/tuke/university/news/ulysseus-pokracuje-dalej
"Výskumná skupina na Katedre počítačov a informatiky (KPI) v rámci Laboratória inteligentných informačných systémov (IISLab)  sa stretla s Dr. Razvanom Pascanu, ktorý pôsobí ako... ",17.07.2023 ,Predstaviteľ Google DeepMind na našej katedre,,https://kpi.fei.tuke.sk/sk/predstavitel-google-deepmind-na-nasej-katedre
Študent môže vykonať zápis na štúdium ak:,27.7.2023,Zápis na štúdium na akademický rok 2023/2024 - od 04.09.2023 do 10.09.2023,,https://www.fei.tuke.sk/sk/studium/aktuality
Uzávierka prihlášok: 21.08.2023,04. augusta 2023,Výberové konania – výskumní pracovníci na FMMR,,www.tuke.sk/wps/portal/tuke/university/news/vk-fmmr-230804
Uzávierka žiadostí: 7.9.2023,18. augusta 2023,Výberové konanie – docenti na FEI,,www.tuke.sk/wps/portal/tuke/university/news/vk-fei-230818
"Dňa 17. augusta zasadalo prvé Vedenie Technickej univerzity v Košiciach pod vedením rektora TUKE prof. Ing. Petra Mésároša, PhD.",23. augusta 2023,"Nový rektor prof. Ing. Peter Mésároš, PhD., otvoril úvodné zasadnutie Vedenia TUKE",,www.tuke.sk/wps/portal/tuke/university/news/nove-vedenie-tuke
"Vyplnené a podpísané žiadosti s doloženými potrebnými potvrdeniami pošlite poštou na adresu: Fakulta elektrotechniky a informatiky, TU v Košiciach, Letná 9, 042 00 KOŠICE   na meno študijnej referentky podľa ročníkov alebo osobne na študijnom oddelení:     ŽIADAME ŠTUDENTOV PRE E-MAILOVÚ KOMUNIKÁCIU DODRŽIAVAŤ ADRESU PRÍSLUŠNEJ ŠTUDIJNEJ REFERENTKY PRE DANÝ ROČNÍK ŠTÚDIA!   1.      ročník Bc. štúdia – Mgr.  Katarína Tomčíková  -  katarina.tomcikova @tuke.sk 2.      ročník Bc. štúdia – Ing. Eva Harakaľová - eva.harakalova@tuke.sk 3.      ročník Bc. štúdia – Mgr.  Gabriela Verešpejová  - gabriela.verespejova@tuke.sk 1.      ročník Ing. štúdia – Ľudmila Čokinová – ludmila.cokinova@tuke.sk   UPOZORNENIE: Spracované budú len úplné žiadosti, v prípade neúplnej žiadosti budete vyzvaní zo strany študijného oddelenia o doplnenie potvrdení potrebných k výpočtu sociálneho štipendia! SOCIÁLNE ŠTIPENDIUM VÁM BUDE PRIZNANÉ OD DÁTUMU KOMPLETNÉHO DOLOŽENIA DOKLADOV!   ŽIADOSŤ o sociálne štipendium tlačivo pre študentov FEI TUKE    Informácie o možnosti podania žiadosti o sociálne štipendium:  Sociálne štipendiá | Ministerstvo školstva, vedy, výskumu a športu Slovenskej republiky (minedu.sk)",30.8.2023,Sociálne štipendiá v ak.r. 2023/2024,,https://www.fei.tuke.sk/sk/studium/aktuality
"Oznamujeme novoprijatým študentom, že nové ISIC karty (študentské preukazy)  sú k dispozícii. Zároveň budú pripravené aj potvrdenia o štúdiu. Viac informácií ohľadom termínov odovzdávania nájdete TU. Stránkové hodiny v čase odovzdávania ISIC kariet budú na študijnom oddelení FEI zrušené. (06.09.2023 - 08.09.2023 od 08:30 - 12:00)",31.8.2023,Preukazy študenta ISIC pre 1. roč. Bc.,,https://www.fei.tuke.sk/sk/studium/aktuality
"Informácie k online zápisom  na štúdium v akademickom roku 2023/2024                (Information about online registration for studies in the academic year 2023/2024)

student.tuke.sk/student/detailSpravy/37919589.mais",4.4.2023,,,
V spolupráci s IT firmami a vedecko-výskumnými inštitúciami pripravujeme cyklus odborných seminárov na tému aktuálnych trendov v informatike a kyberbezpečnosti. Cieľom týchto... ,04.09.2023 ,Aktuálne trendy v informatike a kyberbezpečnosti,https://kpi.fei.tuke.sk/sites/www2.kpi.fei.tuke.sk/files/presentation_images/header-atik-new.png,https://kpi.fei.tuke.sk/sk/aktualne-trendy-v-informatike-a-kyberbezpecnosti
"Odstávka systému  MAIS

student.tuke.sk/student/detailSpravy/3244252.mais",5.9.2023,,,
Zverejnenie údajov po výberových konaniach,05. septembra 2023,Ukončené výberové konania – výskumní pracovníci na FMMR,,www.tuke.sk/wps/portal/tuke/university/news/vk-fmmr-230804
Zverejnenie údajov po výberovom konaní,08. septembra 2023,Ukončené výberové konanie – odborný asistent/asistentka na EkF,,www.tuke.sk/wps/portal/tuke/university/news/vk-ekf-20230703-oa
Dňa 13. septembra 2023 si z rúk pani prezidentky Slovenskej republiky Zuzany Čaputovej prevzalo vymenúvacie dekréty v odboroch habilitačného konania a inauguračného konania (HKaIK) 48 nových vysokoškolských profesoriek a profesorov. Medzi novovymenovanými profesormi boli aj členovia akademickej obce Technickej univerzity v Košiciach,13. septembra 2023,Novovymenovaní profesori z TUKE,,www.tuke.sk/wps/portal/tuke/university/news/novovymenovani-profesori-z-tuke-sep-2023
Udelenie grantu pre mladých vedeckých pracovníkov TUKE. Technická univerzita v Košiciach je lídrom v podávaní patentov! Bibliobox pred knižnicou prežíva renesanciu. Dekanka z TUKE nominovaná na cenu Slovenka roka 2022. Udelenie Ceny sv. Gorazda študentovi TUKE. Vesmír Technickej univerzity v Košiciach čaká na objavenie.,13. marca 2022,Krátke správy (Haló TU 3 - 2021/2022),,www.tuke.sk/wps/portal/tuke/university/newshttps://icube.tuke.sk/wps/poc/!ut/p/wcm/oid%3aa97bc2db-d019-47cd-b996-04fcf3315c2a
Uzávierka prihlášok: 09. 10. 2023,18. septembra 2023,Výberové konanie – profesori na FBERG,,www.tuke.sk/wps/portal/tuke/university/news/vk-fberg-20230918
"Prihlasovanie na športy v rámci Telesnej výchovy ZS 2023/2024

student.tuke.sk/student/detailSpravy/18955897.mais",18.9.2023,,,
"Prihlasovanie na športy v rámci Telesnej výchovy a na cudzie jazyky ZS 2023/2024

student.tuke.sk/student/detailSpravy/18955897.mais",18.9.2023,,,
"Dňa 18.9.2023 na pôde Technickej univerzity v Košiciach (TUKE) v priestoroch UVP TECHNICOM podpísal pán rektor prof. Ing. Peter Mésároš, PhD., memorandum o vytvorení Východoslovenského vesmírneho klastra.",19. septembra 2023,Východoslovenský Vesmírny Klaster,,www.tuke.sk/wps/portal/tuke/university/news/vychodoslovensky-vesmirny-klaster
Úvodné informácie pre študentov I. ročníka bakalárskeho štúdia v ak. roku 2023/202 4,20.9.2023,Úvodné informácie pre študentov I. ročníka bakalárskeho štúdia v ak. roku 2023/2024,,https://www.fei.tuke.sk/sk/studium/aktuality
"Odstávka systému  MAIS

student.tuke.sk/student/detailSpravy/3244252.mais",21.9.2023,,,
" -  V akad. roku 2023/2024 sa v predmete TV I. študenti FEI nebudú hlásiť do rozvrhu,  -  podmienka udelenia zápočtu  je vykonávanie športovej činnosti podľa vlastného výberu (športové činnosti si študenti zabezpečujú sami, nebudú organizované TUKE),  - študenti na konci semestra (v 13. týždni) odovzdajú report (online formulár) vykonávaných športových činností,  - v prípade oslobodenia od Telesnej výchovy zo zdravotných dôvodov - lekárske potvrdenia prosím zaslať e-mailom na:  emilia.pietrikova@tuke.sk ,  - možnosť uznania zápočtu za aktívne členstvo v športovom klube (potvrdenie prosím zaslať e-mailom na:  emilia.pietrikova@tuke.sk ),",21.9.2023,Informácie k predmetu Telesná výchova I.,,https://www.fei.tuke.sk/sk/studium/aktuality
Dňa 25.9.2023 (pondelok) o 09:30 sa v Aule Maxima uskutoční slávnostné  otvorenie akademického roka 2023/2024. Výučba prerušená nebude. Všetky  ročníky sa vyučujú podľa rozvrhu. Priamy prenos z otvorenia nájdete na adrese:  https://youtube.com/live/vpmo0a_jEGE?feature=share .,22.9.2023,Slávnostné otvorenie akademického roka 2023/2024,,https://www.fei.tuke.sk/sk/studium/aktuality
Zverejnenie údajov po výberových konaniach,22. septembra 2023,Ukončené výberové konania – docenti na FEI,,www.tuke.sk/wps/portal/tuke/university/news/vk-fei-230818
"Pán rektor prof. Ing. Peter Mésároš, PhD. dnes v Aule Maxima slávnostne otvoril akademický rok 2023/2024 na Technickej univerzite v Košiciach.",25. septembra 2023,Akademický rok 2023/2024 na TUKE slávnostne otvorený,,www.tuke.sk/wps/portal/tuke/university/news/ar-23-24-na-tuke-slavnostne-otvoreny
"Študenti prvého ročníka, v prípade, že  ""nemáte rozvrh"" , znamená to, že ste  nevykonali zápis do ročníka.  Informovaní ste boli emailom niekoľkokrát.  Prosím, urýchlene sa dostavte na študijné oddelenie ohľadom zápisu do ročníka. Студенты первого курса, в случае,  если у вас нету расписания , то это означает что  вы не записались на курс.  О этом вас проинформировали несколько раз в формате эмейла. Пожалуста, чем скорей зайдите в студенческое отделение, чтобы решить проблему записи на курс.",26.9.2023,Oznam pre študentov 1.ročníka,,https://www.fei.tuke.sk/sk/studium/aktuality
"Registrácia tímov pre Živé IT projekty - Tímové projekty pre 1. ročník inžinierskeho štúdia.
",28.09.2023 ,Tímy Živých IT projektov 2024,https://kpi.fei.tuke.sk/sites/www2.kpi.fei.tuke.sk/files/header-tp.png,https://kpi.fei.tuke.sk/sk/timy-zivych-it-projektov-2024
,02. októbra 2023,Výzva na predkladanie žiadosti o udelenie výskumného grantu pre mladých vedeckých pracovníkov na TUKE na rok 2024,,www.tuke.sk/wps/portal/tuke/university/news/vyzva-granty-2024
Uzávierka prihlášok: 23.10.2023,03. októbra 2023,Výberové konanie -  odborný asistent na EkF,,www.tuke.sk/wps/portal/tuke/university/news/vk-ekf-oa-okt-2023
"Do you need support in helping your students with their internships search? Do they have the right information about UK internships regulations? We can help you give the correct answers to your students!

Every year, ESPA organises webinars that are open to every interested university and student. This year, we want to provide tailored webinars for each university to discuss UK mobility and how our programme can support your student. 

We will be organising webinars in October, November and December for your students who are searching to start their internships in 2024. We will answer their questions, discuss our offers, benefits, internship funding, the visa application process, and more.",09. októbra 2023,What about a webinar?,,www.tuke.sk/wps/portal/tuke/university/newshttps://icube.tuke.sk/wps/poc/!ut/p/wcm/oid%3a165d30f1-ab10-40da-a8d2-54ef9c5693c1
Jeden z bronzových partnerov našej fakulty firma Erste Group IT hľadá nové posily do tímov priamo v Košiciach. Viac informácií.,11.10.2023,Pracovné ponuky,,https://www.fei.tuke.sk/sk/studium/aktuality
"Vážení študenti, prosíme o doplnenie čísla účtu v Slovenskej banke v tvare IBAN do osobných údajov v MAISe.",12.10.2023,IBAN do osobných údajov v MAISe,,https://www.fei.tuke.sk/sk/studium/aktuality
Uzávierka: 31.10.2023,12. októbra 2023,Voľné pracovné miesto – upratovačka,,www.tuke.sk/wps/portal/tuke/university/news/vk-up-20231012
"KEDY?

19. októbra 2023
14:00 - 15:30
KDE?

Online
REGISTRÁCIA

Startup centrum TUKE-UVP TECHNICOM v spolupráci s Centrom vedecko-technických informácií SR v Bratislave Vás pozýva na on-line prednášku kde sa môžete dozvedieť:

Dôležitosť ochrany produktov, grafického rozhrania softvérových aplikácií a služieb
Čo je dizajn, ako a prečo ho chrániť
Ako a prečo chrániť označenia, logá a slogany
Služby v oblasti ochrany a komercializácie duševného vlastníctva
Lektorka: RNDr. Barbara Tóthová, PhD., odborná pracovníčka oddelenia ochrany a komercializácie duševného vlastníctva v CVTI SR.

 Odkaz na pripojenie bude zaslaný po registrácii",13. októbra 2023,Na čo nesmiete zabudnúť pri budovaní svojej značky!,,www.tuke.sk/wps/portal/tuke/university/newshttps://icube.tuke.sk/wps/poc/!ut/p/wcm/oid%3a49e948fb-37da-4c35-b214-6bfbe83c7004
V spolupráci s IT firmami a vedecko-výskumnými inštitúciami pripravujeme cyklus odborných seminárov na tému aktuálnych trendov v informatike a kyberbezpečnosti. Cieľom týchto... ,13.10.2023 ,Aktuálne trendy v informatike a kyberbezpečnosti,https://kpi.fei.tuke.sk/sites/www2.kpi.fei.tuke.sk/files/presentation_images/header-atik-new.png,https://kpi.fei.tuke.sk/sk/aktualne-trendy-v-informatike-a-kyberbezpecnosti
Uzávierka výberového konania je: 6. novembra 2023,13. októbra 2023,Výberové konanie – odborný asistent na LF,,www.tuke.sk/wps/portal/tuke/university/news/vk-lf-20231012
"Registrácie ŠTUDENTOV do projektu Ukrajinský žiak, ktorá potrvá len do 31. októbra 2023./реєстраціa СТУДЕНТІВ для участі в проекті «Український учень», яка триватиме лише до 31 жовтня 2023.

student.tuke.sk/student/detailSpravy/56054848.mais",16.10.2023,,,
"Študentské ankety - Student Questionnaire

student.tuke.sk/student/detailSpravy/23971691.mais",17.10.2023,,,
Uzávierka prihlášok je do: 15. 11. 2023,19. októbra 2023,Výberové konanie – odborný asistent na  Katedru architektúry FU,,www.tuke.sk/wps/portal/tuke/university/news/vk-fu-20221019
Dekan FEI TUKE udeľuje na dni  30. a  31.10.2023  (pondelok-utorok)  dekanské voľno pre študentov FEI všetkých stupňov štúdia.,19.10.2023,Dekanské voľno,,https://www.fei.tuke.sk/sk/studium/aktuality
Najbližší rok bude riešiteľský kolektív pod vedením Jána Perháča spolupracovať s tímom z Univerzity v Osle pod vedením Michaela Kirkedala Thomsena na výskume v oblasti generovania... ,20.10.2023 ,Spolupráca s Univerzitou v Osle v oblasti inovácie výučby predmetov zameraných na teoretickú informatiku,https://kpi.fei.tuke.sk/sites/www2.kpi.fei.tuke.sk/files/presentation_images/header-kpihack-2022.png,https://kpi.fei.tuke.sk/sk/spolupraca-s-univerzitou-v-osle-v-oblasti-inovacie-vyucby-predmetov-zameranych-na-teoreticku
Náš študent Ing. Miroslav Murin výhercom tretieho ročníka súťaže Top Študentská práca v kategórii Inteligentné mesto.,26.10.2023 ,Top Študentská práca 2023 na KPI,,https://kpi.fei.tuke.sk/sk/top-studentska-praca-2023-na-kpi
"2 delegáti z KPI boli 24-25.10.2023 členmi 80-člennej výpravy zo 7 krajín Európskej univerzity na Univerzite v Da Nangu na stretnutí ""Ulysseus-Da Nang Education Research... ",27.10.2023 ,KPI za Ulysseus na Univerzite v Da Nangu,,https://kpi.fei.tuke.sk/sk/kpi-za-ulysseus-na-univerzite-v-da-nangu-0
Zverejnenie údajov po výberovom konaní,31. októbra 2023,Ukončené výberové konanie – profesori na FBERG,,www.tuke.sk/wps/portal/tuke/university/news/vk-fberg-20230918
Uzávierka výberového konania je: 23.11.2023,02. novembra 2023,Výberové konanie – docent na LF,,www.tuke.sk/wps/portal/tuke/university/news/vk-lf-20231027
"Odstávka systému  MAIS

student.tuke.sk/student/detailSpravy/3244252.mais",2.11.2023,,,
,2.11.2023,PRIZNANÉ MOTIVAČNÉ ŠTIPENDIÁ NA ROK 2023,,https://www.fei.tuke.sk/sk/studium/aktuality
Uzávierka prihlášok: 24.11.2023,03. novembra 2023,Výberové konanie – docent na SjF,,www.tuke.sk/wps/portal/tuke/university/news/vk-sjf-231103
Zverejnenie údajov po výberovom konaní,03. novembra 2023,Ukončené výberové konanie –  odborný asistent na EkF,,www.tuke.sk/wps/portal/tuke/university/news/vk-ekf-oa-okt-2023
"V stredu sa v priestoroch Univerzitnej knižnice TUKE uskutoční po štvorročnej prestávke 4. ročník podujatia s názvom Namakaný deň. Toto podujatie je určené pre všetkých makačov,... ",06.11.2023 ,Namakaný deň 2023,,https://kpi.fei.tuke.sk/sk/namakany-den-2023
Uzávierka výberového konania je: 28.11.2023,07. novembra 2023,Výberové konanie – odborný asistent/asistentka na SvF,,www.tuke.sk/wps/portal/tuke/university/news/vk-svf-20231107
"Ministerstvo školstva, vedy výskumu a športu SR a Centrum vedecko-technických informácií SR vyhlásilo „Týždeň vedy a techniky na Slovensku 2023“. Na Technickej univerzite v Košiciach sa v rámci tohto týždňa uskutočnila súťaž o najlepšiu doktorandskú prácu, kde denní doktorandi z jednotlivých fakúlt TUKE odprezentovali svoje práce pred Komisiou pre vedu a výskum TUKE.",08. novembra 2023,Výsledky súťaže o najlepšiu doktorandskú prácu na TUKE 2023,,www.tuke.sk/wps/portal/tuke/university/news/vysledky-sutaze-o-najlepsiu-doktorandsku-pracu-na-tuke-2023
"V rámci Týždňa vedy a techniky na Slovensku 2023, komisia zložená z externých členov a z členov z TUKE zodpovedne posúdila všetky predložené návrhy na ocenenie a rozhodla o výsledkoch súťaže nasledovne",09. novembra 2023,Výsledky súťaže CENA REKTORA TUKE 2023,,www.tuke.sk/wps/portal/tuke/university/news/vysledky-sutaze-cena-rektora-tuke-2023
V spolupráci KKUI a KPI sa nám podarilo zorganizovať pozvanú prednášku o problematike open source projektov a podpore vývoja open source softvéru nadáciou... ,10.11.2023 ,Pozvaná prednáška o open source a Eclipse Foundation,,https://kpi.fei.tuke.sk/sk/pozvana-prednaska-o-open-source-a-eclipse-foundation
Termín podania žiadostí: do 24.11.2023,14. novembra 2023,Oznam o voľnom pracovnom mieste - mzdový účtovník na Ekonomickom odbore Rektorátu TUKE,,www.tuke.sk/wps/portal/tuke/university/news/ovpm-mzd-uct-eo-r-tuke-nov2023
Oddelenie akademického športu,15. novembra 2023,Pohár rektora TUKE vo futsale 2023 – 21.11.2023,,www.tuke.sk/wps/portal/tuke/university/news/pohar-rektora-tuke-vo-futsale-2023
"Pozvánka na konferenciu Inovatívne trendy vo vysokoškolskom vzdelávaní, v dňoch 23. - 24. 11. 2023 v UVP Technicom.",16. novembra 2023,Inovatívne trendy vo vysokoškolskom vzdelávaní,,www.tuke.sk/wps/portal/tuke/university/news/inovativne-trendy-vo-vs-vzdelavani-2023
"Náš absolvent Ing. Ľubomír Druga výhercom 13. ročníka Ceny za najlepší príspevok v oblasti kvality.
",16.11.2023 ,Najlepšia diplomová práca v oblasti kvality na KPI,,https://kpi.fei.tuke.sk/sk/najlepsia-diplomova-praca-v-oblasti-kvality-na-kpi
Vo finále aktuálneho ročníka súťaže najlepších diplomových prác IT SPY 2023 bude spolu súťažiť 10 mladých informatikov. Ich práce vybrali ambasádori súťaže z takmer 1 200... ,17.11.2023 ,Poznáme finalistov 14. ročníka súťaže diplomoviek IT SPY 2023,https://kpi.fei.tuke.sk/sites/www2.kpi.fei.tuke.sk/files/presentation_images/header-atik-new.png,https://kpi.fei.tuke.sk/sk/pozname-finalistov-14-rocnika-sutaze-diplomoviek-it-spy-2023
"Prof. Ing. Peter Mésároš, PhD. bol dňa 15.11.2023 slávnostne inaugurovaný za rektora Technickej univerzity v Košiciach. Inaugurácia rektora a vymenovanie členov vedenia univerzity, ktorí do svojich funkcií nastúpili už 17. augusta 2023, sa uskutočnili v Aule Maxima TUKE. Insígnie univerzity si prof. Mésároš prebral z rúk predsedu Akademického senátu TUKE.",20. novembra 2023,"Prof. Ing. Peter Mésároš, PhD. bol inaugurovaný za rektora Technickej univerzity v Košiciach",,www.tuke.sk/wps/portal/tuke/university/news/prof-ing-peter-mesaros-phd-bol-inaugurovany-za-rektora-tuke-2023
22. NOVEMBRA 2023 (streda) 9.00 - 17.00 hod.,20. novembra 2023,"Burza minerálov, Výstava fosílií",,www.tuke.sk/wps/portal/tuke/university/news/2023-burza-mineralov
Finálový večer 14. ročníka súťaže diplomových prác IT SPY 2023 môžete sledovať naživo na ,22.11.2023 ,Sleduj finále súťaže IT SPY 2023 naživo,,https://kpi.fei.tuke.sk/sk/sleduj-finale-sutaze-it-spy-2023-nazivo
  Desať najlepších diplomových prác z vysokých škôl na Slovensku a v Českej republike sa stretne vo finále súťaže IT SPY 2023. Finálový večer 14. ročníka tejto súťaže môžete sledovať aj   ONLINE.  ,22.11.2023,Finále IT SPY 2023,https://www.fei.tuke.sk/uploads/bf/50/bf50787fdbe3a6201038571a823ec119/Finale-IT-SPY-2023.jpg,https://www.fei.tuke.sk/sk/studium/aktuality
Uzávierka: 15.12.2023,22. novembra 2023,Voľné pracovné miesto – kuchár,,www.tuke.sk/wps/portal/tuke/university/news/vk-sdaj-23231122
Zverejnenie údajov po výberovom konaní,23. novembra 2023,Ukončené výberové konanie – odborný asistent na LF,,www.tuke.sk/wps/portal/tuke/university/news/vk-lf-20231012
V spolupráci s IT firmami a vedecko-výskumnými inštitúciami pripravujeme cyklus odborných seminárov na tému aktuálnych trendov v informatike a kyberbezpečnosti. Cieľom týchto... ,29.11.2023 ,Aktuálne trendy v informatike a kyberbezpečnosti,https://kpi.fei.tuke.sk/sites/www2.kpi.fei.tuke.sk/files/presentation_images/header-atik-new.png,https://kpi.fei.tuke.sk/sk/aktualne-trendy-v-informatike-a-kyberbezpecnosti
,01. decembra 2023,Vianočný futbalový turnaj zmiešaných družstiev – 12.12.2023,,www.tuke.sk/wps/portal/tuke/university/news/vianocny-2023
,07. decembra 2023,"Informácie a dokumentácia k VO „Zelená stena a dažďová záhrada“ (Program SK-Klíma, ACC05P04)",,www.tuke.sk/wps/portal/tuke/university/news/vo-zelena-stena
"Dňa 6. decembra 2023 nás vo veku 66 rokov opustil 
Dr. h. c. prof. h. c. prof. Ing. Stanislav Kmeť, DrSc., 
bývalý rektor Technickej univerzity v Košiciach.",07. decembra 2023,Zomrel bývalý rektor Technickej univerzity v Košiciach,,www.tuke.sk/wps/portal/tuke/university/news/zomrel-byvaly-rektor-tuke
Zverejnenie údajov po výberovom konaní,08. decembra 2023,Ukončené výberové konanie – docent na LF,,www.tuke.sk/wps/portal/tuke/university/news/vk-lf-20231027
"Members of the IISLAB from the Technical University in Košice visited a prestigious University of California (UCI), represented by Prof. Marco Levorato and assoc. prof. Roy Fox... ",14.12.2023 ,Visit of IISLAB at University of California,,https://kpi.fei.tuke.sk/sk/visit-iislab-university-california
Uzávierka výberového konania je: 10. januára 2024,19. decembra 2023,Výberové konanie – docent na LF,,www.tuke.sk/wps/portal/tuke/university/news/vk-lf-20231219
Uzávierka prihlášok: 10.01.2024,19. decembra 2023,Výberové konanie – docent na OISR UMIK FMMR,,www.tuke.sk/wps/portal/tuke/university/news/vk-fmmr-20231219d
"Na základe výzvy rektora TUKE na predkladanie žiadostí o udelenie výskumného grantu pre mladých vedeckých pracovníkov a denných doktorandov na TUKE do 30 rokov na rok 2024 bolo na Úsek VVaDŠ v stanovenom termíne doručených 42 žiadostí o grant. Komisia pre vedu a výskum na TUKE zodpovedne posúdila všetky žiadosti o udelenie výskumného grantu TUKE a vybrala nasledujúcich 11 projektov, ktoré budú financované v tejto výzve na obdobie riešenia projektu od 1. 1. 2024 do 31. 12. 2024",20. decembra 2023,Výsledky posúdenia žiadostí o udelenie výskumného grantu  pre mladých vedeckých pracovníkov TUKE na rok 2024,,www.tuke.sk/wps/portal/tuke/university/news/vysledky-granty-2024
"Počas Týždňa vedy a techniky na Slovensku 2023, komisia zložená z externých členov a členov z Technickej univerzity v Košiciach (TUKE) udelila  Cenu rektora za publikačnú činnosť... ",20.12.2023 , Cena rektora za publikačnú činnosť  v roku 2023,,https://kpi.fei.tuke.sk/sk/cena-rektora-za-publikacnu-cinnost-v-roku-2023
XXI. Reprezentačný ples Technickej univerzity v Košiciach sa uskutoční dňa 20.01.2024. Viac informácii na ples@tuke.sk alebo na tel.č. 055/602 2002 a 055/602 2003.,20. decembra 2023,XXI. Reprezentačný ples TUKE,,www.tuke.sk/wps/portal/tuke/university/news/reprezentacny-ples-tuke-2024
V dňoch 13.-17.11.2023 prebehlo na pôde našej katedry druhé stretnutie členov riešiteľského kolektívu bilaterálneho projektu „Moderný prístup k výučbe predmetov na univerzitnej... ,23.12.2023 ,"Stretnutie s členmi výskumnej skupiny „Programming Technology"" z Univerzity v Osle na pôde KPI",,https://kpi.fei.tuke.sk/sk/stretnutie-s-clenmi-vyskumnej-skupiny-programming-technology-z-univerzity-v-osle-na-pode-kpi
"19.1.2024 Pripomíname, že zápis do rozvrhu je povinnosťou všetkých denných študentov 1. a 2. stupňa. Všetky rozvrhové jednotky prvákom bakalárom budú zapísané do plánov na študijnom oddelení. Všetky ostatné rozvrhové jednotky pre ostatné ročníky sa pripravujú na garantujúcich katedrách. Postupne sú zverejňované aj pred otvorením kola pre študentov. Vzhľadom na zložitosť tvorby nie vždy je možné zistiť kolízie, príp. neexistenciu prestávky na obed pre každú kombináciu možností. Prosíme študentov a učiteľov o spoluprácu, aby nahlásili čím skôr zistené kolízie či iné problémy s rozvrhom ešte pred spustením kola pre študentov na príslušné katedry. Termíny kôl pre predmety zabezpečované FEI, EkF, TUKE: 5. kolo - 29.01.2024 od 10.00 hod. - 05.02.2024 do 10.00 hod. Zápisy do rozvrhov budú uzávierkou 5. kola v rozhraní študent zafixované. Žiadame študentov, aby si rozvrh urobili včas a dôsledne. Presun študenta medzi skupinami a celých rozvrhových jednotiek po  uzavretí kola rozvrhu nie je povolené ani študentom a ani vyučujúcim. 6. kolo - 07.02.2024 od 10.30 hod. - 12.02.2024 do 10.00 hod. Dohlásenie sa kvôli kolíziám a na opakované predmety. Otázky alebo problémy je potrebné riešiť osobne alebo elektronicky odosielať iba cez univerzitné študentské mailové adresy (čo najpresnejšie popísané, meno a priezvisko, stupeň, ročník, program, kód predmetu, názov predmetu, systémová chyba Mais, presný popis ako a kde sa vyskytla...) a adresovať:",19.1.2024,Kolá na zápis do rozvrhu na letný semester 2023/2024,,https://www.fei.tuke.sk/sk/studium/aktuality
"Kolo zápisu na predmety Slovenský jazyk LS 2023/24

student.tuke.sk/student/detailSpravy/56806337.mais",22.1.2024,,,
Zverejnenie údajov po výberovom konaní,19. januára 2024,Ukončené výberové konanie – docent na OISR UMIK FMMR,,www.tuke.sk/wps/portal/tuke/university/news/vk-fmmr-20231219d
"Hlavná cena a Cena publika v rukách študentov KPI. Ďakujeme!
",04.01.2024 ,Úspech našich študentov v programe Slovenská sporiteľňa | Challenger Ideator,,https://kpi.fei.tuke.sk/sk/uspech-nasich-studentov-v-programe-slovenska-sporitelna-challenger-ideator
Termín podania žiadostí: do 16.02.2024,25. januára 2024,Výberové konanie – riaditeľ/ka Univerzitného vedeckého parku TECHNICOM,,www.tuke.sk/wps/portal/tuke/university/news/vk-technicom-20240125
Vo štvrtok 1.2.2024 vyvrcholí akcia Živé IT projekty. Stretneme sa o 10:00 v Univerzitnej knižnici TUKE naživo. Akcia Živé IT projekty je organizovaná Katedrou počítačov a... ,25.01.2024 ,Záverečná prezentácia tímových projektov 2024,,https://kpi.fei.tuke.sk/sk/zaverecna-prezentacia-timovych-projektov-2024
"Príďte si aj Vy spolu s nami uctiť pamiatku na našich bývalých kolegov Jána Gála a Mariána Gála, zaspomínať si na týchto výnimočných ľudí a zároveň si aj zašportovať v milej spoločnosti.",30. januára 2024,Memoriál Gálovcov 2024 – 2.2.2024,,www.tuke.sk/wps/portal/tuke/university/news/galovci-2024
"Odstávka systému  MAIS

student.tuke.sk/student/detailSpravy/3244252.mais",31.1.2024,,,
"Rektor Technickej univerzity v Košiciach prof. Ing. Peter Mésároš, PhD., sa zúčastnil novoročného stretnutia s primátorom mesta Košice, Ing. Jaroslavom Polačekom, v Historickej radnici na Hlavnej ulici v Košiciach.",31. januára 2024,Novoročné stretnutie s primátorom Košíc,,www.tuke.sk/wps/portal/tuke/university/news/novorocne-stretnutie-s-primatorom-kosic
Zverejnenie údajov po výberovom konaní,01. februára 2024,Ukončené výberové konanie –  docent/ka na EkF,,www.tuke.sk/wps/portal/tuke/university/news/vk-ekf-doc-dec-2023
"Deviaty ročník Živých IT projektov pozná víťazov.
",02.02.2024 ,Živé IT projekty 2024 - Výhercovia,,https://kpi.fei.tuke.sk/sk/zive-it-projekty-2024-vyhercovia
